time,p_EE_x,p_EE_y,p_EE_z,p_d_x,p_d_y,p_d_z,e_p_x,e_p_y,e_p_z,pdot_x,pdot_y,pdot_z,f_x,f_y,f_z,tau_1,tau_2,tau_3,tau_4,tau_5,tau_6,tau_7
0.000000,0.306855,0.000042,0.486848,0.326855,0.000042,0.486848,0.020000,0.000000,0.000000,-0.000066,-0.004116,-0.001334,2.001310,0.082322,0.026679,0.025190,-3.585752,-0.681940,22.120787,0.782715,2.673996,-0.000006
0.001000,0.306854,0.000041,0.486848,0.326855,0.000042,0.486848,0.020000,0.000001,0.000000,0.000197,-0.002743,-0.000375,1.996097,0.054969,0.007528,0.016793,-3.580529,-0.690706,22.111064,0.776986,2.671221,-0.000005
0.002000,0.306855,0.000039,0.486845,0.326855,0.000042,0.486848,0.019999,0.000003,0.000003,0.000437,-0.002218,-0.000777,1.991199,0.044669,0.015786,0.013634,-3.583973,-0.693835,22.114384,0.774847,2.670912,-0.000005
0.003000,0.306854,0.000039,0.486845,0.326855,0.000042,0.486848,0.020000,0.000003,0.000003,-0.000419,-0.003265,-0.000295,2.008410,0.065654,0.006215,0.020079,-3.578331,-0.686892,22.112072,0.779285,2.673691,-0.000005
0.004000,0.306854,0.000037,0.486844,0.326855,0.000042,0.486848,0.020001,0.000005,0.000003,-0.000544,-0.002276,0.000223,2.011000,0.046041,-0.004122,0.014059,-3.574694,-0.693097,22.107519,0.775183,2.673326,-0.000005
0.005000,0.306851,0.000038,0.486841,0.326855,0.000042,0.486848,0.020004,0.000004,0.000007,-0.001260,-0.001073,0.000947,2.025556,0.021881,-0.018288,0.006643,-3.568096,-0.700905,22.102707,0.770111,2.675123,-0.000005
0.006000,0.306851,0.000037,0.486839,0.326855,0.000042,0.486848,0.020004,0.000005,0.000009,-0.000458,-0.000033,0.002160,2.009551,0.001197,-0.042300,0.000288,-3.563311,-0.707524,22.089355,0.765763,2.669632,-0.000006
0.007000,0.306853,0.000036,0.486838,0.326855,0.000042,0.486848,0.020002,0.000006,0.000010,-0.001141,-0.000609,0.002063,2.022975,0.012803,-0.040307,0.003849,-3.561789,-0.703583,22.092018,0.768210,2.672648,-0.000005
0.008000,0.306861,0.000039,0.486844,0.326855,0.000042,0.486848,0.019994,0.000003,0.000004,0.001510,0.000417,0.005026,1.969204,-0.008037,-0.100094,-0.002571,-3.551713,-0.710424,22.056975,0.763819,2.656131,-0.000004
0.009000,0.306870,0.000040,0.486853,0.326855,0.000042,0.486848,0.019984,0.000003,-0.000005,0.004058,0.000182,0.006153,1.917273,-0.003363,-0.123574,-0.001127,-3.552295,-0.708867,22.039309,0.764802,2.643233,-0.000002
0.010000,0.306882,0.000039,0.486863,0.326855,0.000042,0.486848,0.019973,0.000004,-0.000015,0.007022,0.000520,0.008119,1.856820,-0.010039,-0.163896,-0.003189,-3.549069,-0.710979,22.012670,0.763403,2.627074,0.000002
0.011000,0.306896,0.000036,0.486881,0.326855,0.000042,0.486848,0.019959,0.000007,-0.000033,0.008740,-0.000086,0.011095,1.821058,0.002399,-0.225222,0.000649,-3.535393,-0.706753,21.979192,0.766027,2.614292,0.000006
0.012000,0.306914,0.000034,0.486905,0.326855,0.000042,0.486848,0.019940,0.000009,-0.000057,0.012902,-0.000674,0.013859,1.735998,0.014372,-0.282923,0.004335,-3.530631,-0.702751,21.941273,0.768553,2.591496,0.000011
0.013000,0.306931,0.000029,0.486934,0.326855,0.000042,0.486848,0.019923,0.000014,-0.000086,0.013907,-0.003280,0.017448,1.714191,0.066987,-0.357527,0.020367,-3.510588,-0.685556,21.903193,0.779603,2.580501,0.000016
0.014000,0.306953,0.000026,0.486968,0.326855,0.000042,0.486848,0.019902,0.000016,-0.000120,0.016111,-0.002399,0.021530,1.667984,0.049586,-0.442620,0.015047,-3.491344,-0.691107,21.857174,0.775959,2.563475,0.000022
0.015000,0.306978,0.000023,0.487006,0.326855,0.000042,0.486848,0.019877,0.000019,-0.000158,0.018161,-0.001998,0.026266,1.624474,0.041904,-0.541104,0.012667,-3.468031,-0.693462,21.805167,0.774361,2.545815,0.000029
0.016000,0.307006,0.000024,0.487048,0.326855,0.000042,0.486848,0.019849,0.000018,-0.000200,0.021664,-0.000334,0.032493,1.551605,0.008517,-0.669850,0.002486,-3.440484,-0.704227,21.735272,0.767376,2.519295,0.000040
0.017000,0.307039,0.000022,0.487102,0.326855,0.000042,0.486848,0.019816,0.000021,-0.000254,0.025325,-0.000193,0.041518,1.475071,0.005931,-0.855795,0.001684,-3.396827,-0.704955,21.637839,0.766856,2.486891,0.000053
0.018000,0.307073,0.000018,0.487159,0.326855,0.000042,0.486848,0.019782,0.000024,-0.000311,0.028540,-0.001439,0.047159,1.407396,0.031221,-0.974291,0.009260,-3.371921,-0.696823,21.573254,0.772156,2.462356,0.000062
0.019000,0.307110,0.000013,0.487220,0.326855,0.000042,0.486848,0.019745,0.000029,-0.000372,0.030408,-0.001779,0.049551,1.366334,0.038531,-1.028259,0.011617,-3.361896,-0.694062,21.542293,0.773714,2.449200,0.000064
0.020000,0.307149,0.000009,0.487288,0.326855,0.000042,0.486848,0.019706,0.000033,-0.000440,0.033917,-0.002740,0.055165,1.292226,0.058115,-1.147262,0.017444,-3.338127,-0.687797,21.476521,0.777807,2.423261,0.000073
0.021000,0.307194,0.000005,0.487368,0.326855,0.000042,0.486848,0.019661,0.000037,-0.000520,0.036969,-0.003308,0.062710,1.226725,0.069852,-1.306186,0.020802,-3.301743,-0.684151,21.392845,0.780245,2.395513,0.000085
0.022000,0.307242,0.000002,0.487450,0.326855,0.000042,0.486848,0.019613,0.000040,-0.000602,0.039952,-0.002733,0.067345,1.162267,0.058691,-1.407079,0.017606,-3.282161,-0.687330,21.336613,0.777944,2.373222,0.000091
0.023000,0.307291,-0.000001,0.487540,0.326855,0.000042,0.486848,0.019564,0.000044,-0.000692,0.043342,-0.001423,0.074585,1.089585,0.032833,-1.560887,0.009754,-3.248700,-0.695513,21.254312,0.772550,2.344386,0.000107
0.024000,0.307342,-0.000007,0.487635,0.326855,0.000042,0.486848,0.019513,0.000049,-0.000787,0.046593,-0.002830,0.080868,1.019393,0.061508,-1.696055,0.018185,-3.220580,-0.686519,21.180956,0.778510,2.317731,0.000117
0.025000,0.307395,-0.000010,0.487741,0.326855,0.000042,0.486848,0.019460,0.000053,-0.000893,0.048296,-0.003217,0.088921,0.980059,0.069611,-1.867703,0.020441,-3.177254,-0.684098,21.093814,0.780167,2.294159,0.000125
0.026000,0.307450,-0.000015,0.487853,0.326855,0.000042,0.486848,0.019405,0.000057,-0.001005,0.049280,-0.002816,0.096307,0.954885,0.062039,-2.026681,0.018319,-3.136092,-0.686101,21.014547,0.778604,2.274653,0.000134
0.027000,0.307507,-0.000020,0.487974,0.326855,0.000042,0.486848,0.019347,0.000063,-0.001126,0.051876,-0.003371,0.103415,0.897214,0.073708,-2.180956,0.021936,-3.100959,-0.682134,20.933069,0.781031,2.248760,0.000140
0.028000,0.307566,-0.000025,0.488101,0.326855,0.000042,0.486848,0.019289,0.000067,-0.001253,0.053851,-0.004028,0.111561,0.851900,0.087311,-2.356487,0.025611,-3.059019,-0.678281,20.843301,0.783791,2.223415,0.000153
0.029000,0.307627,-0.000029,0.488236,0.326855,0.000042,0.486848,0.019227,0.000071,-0.001388,0.055741,-0.002844,0.119148,0.807910,0.063968,-2.521792,0.019307,-3.019694,-0.684559,20.758237,0.779003,2.199261,0.000161
0.030000,0.307690,-0.000031,0.488369,0.326855,0.000042,0.486848,0.019165,0.000074,-0.001521,0.058370,-0.002708,0.122496,0.749059,0.061556,-2.602051,0.018279,-3.005167,-0.685545,20.710873,0.778440,2.179893,0.000164
0.031000,0.307753,-0.000035,0.488514,0.326855,0.000042,0.486848,0.019101,0.000078,-0.001666,0.059778,-0.002115,0.129067,0.714580,0.050071,-2.747939,0.015374,-2.969801,-0.688283,20.635680,0.776095,2.159449,0.000167
0.032000,0.307820,-0.000039,0.488665,0.326855,0.000042,0.486848,0.019035,0.000082,-0.001817,0.062301,-0.001899,0.135600,0.657452,0.046162,-2.893702,0.014555,-2.937902,-0.688866,20.557467,0.775300,2.134265,0.000173
0.033000,0.307889,-0.000045,0.488819,0.326855,0.000042,0.486848,0.018966,0.000088,-0.001971,0.063698,-0.003082,0.140874,0.622627,0.070413,-3.014576,0.021457,-2.909844,-0.681629,20.493752,0.780265,2.116018,0.000176
0.034000,0.307958,-0.000048,0.488979,0.326855,0.000042,0.486848,0.018897,0.000090,-0.002131,0.066162,-0.002971,0.146785,0.566467,0.068448,-3.148802,0.020679,-2.881748,-0.682399,20.421295,0.779800,2.092054,0.000188
0.035000,0.308030,-0.000053,0.489143,0.326855,0.000042,0.486848,0.018825,0.000095,-0.002295,0.068887,-0.003774,0.152577,0.504720,0.085006,-3.281044,0.025310,-2.854694,-0.677481,20.348491,0.783162,2.067076,0.000195
0.036000,0.308104,-0.000056,0.489309,0.326855,0.000042,0.486848,0.018751,0.000099,-0.002461,0.071539,-0.002676,0.157156,0.444300,0.063396,-3.389211,0.019259,-2.833700,-0.683424,20.287002,0.778686,2.044630,0.000200
0.037000,0.308181,-0.000059,0.489487,0.326855,0.000042,0.486848,0.018674,0.000102,-0.002639,0.072813,-0.002013,0.163247,0.411156,0.050418,-3.528841,0.015813,-2.801337,-0.686727,20.214288,0.776008,2.024841,0.000206
0.038000,0.308261,-0.000061,0.489664,0.326855,0.000042,0.486848,0.018594,0.000103,-0.002816,0.075911,-0.002072,0.168405,0.341185,0.051782,-3.649693,0.016772,-2.778992,-0.685465,20.145422,0.776310,1.999150,0.000209
0.039000,0.308343,-0.000063,0.489850,0.326855,0.000042,0.486848,0.018512,0.000105,-0.003002,0.078346,-0.001656,0.174137,0.284311,0.043654,-3.782895,0.014685,-2.751280,-0.687378,20.071834,0.774607,1.974968,0.000213
0.040000,0.308427,-0.000066,0.490044,0.326855,0.000042,0.486848,0.018428,0.000109,-0.003196,0.080508,-0.002439,0.178906,0.232636,0.059641,-3.897736,0.018973,-2.727707,-0.682955,20.007470,0.777800,1.953602,0.000217
0.041000,0.308512,-0.000065,0.490234,0.326855,0.000042,0.486848,0.018343,0.000107,-0.003386,0.082604,-0.001944,0.181673,0.182202,0.049619,-3.972023,0.015672,-2.714760,-0.686304,19.962553,0.775627,1.936357,0.000222
0.042000,0.308603,-0.000066,0.490437,0.326855,0.000042,0.486848,0.018252,0.000109,-0.003589,0.085786,-0.001860,0.188988,0.109432,0.048096,-4.138639,0.015358,-2.681948,-0.686467,19.871270,0.775259,1.905594,0.000234
0.043000,0.308696,-0.000064,0.490640,0.326855,0.000042,0.486848,0.018158,0.000106,-0.003792,0.089002,-0.000520,0.193801,0.035787,0.021044,-4.255218,0.007721,-2.661734,-0.693996,19.803149,0.769645,1.879433,0.000244
0.044000,0.308793,-0.000064,0.490851,0.326855,0.000042,0.486848,0.018062,0.000106,-0.004003,0.091160,-0.000413,0.197601,-0.017028,0.018894,-4.352295,0.007359,-2.644371,-0.694203,19.747256,0.769183,1.859467,0.000250
0.045000,0.308893,-0.000063,0.491072,0.326855,0.000042,0.486848,0.017962,0.000105,-0.004224,0.093781,0.000122,0.204087,-0.079391,0.008115,-4.504096,0.004418,-2.614945,-0.697062,19.664387,0.766921,1.832208,0.000263
0.046000,0.308995,-0.000062,0.491295,0.326855,0.000042,0.486848,0.017860,0.000105,-0.004447,0.097462,0.000163,0.211350,-0.163249,0.007189,-4.671655,0.003767,-2.584026,-0.697556,19.570674,0.766600,1.798912,0.000280
0.047000,0.309102,-0.000060,0.491528,0.326855,0.000042,0.486848,0.017752,0.000103,-0.004680,0.100394,0.000386,0.216458,-0.232642,0.002561,-4.797179,0.002516,-2.562550,-0.698618,19.499230,0.765602,1.772704,0.000294
0.048000,0.309213,-0.000059,0.491772,0.326855,0.000042,0.486848,0.017642,0.000101,-0.004924,0.103487,0.000476,0.225812,-0.305539,0.000589,-5.008608,0.002246,-2.521504,-0.698779,19.387176,0.765163,1.737327,0.000316
0.049000,0.309324,-0.000055,0.492022,0.326855,0.000042,0.486848,0.017531,0.000097,-0.005174,0.105975,0.001586,0.233650,-0.366400,-0.021971,-5.190392,-0.004129,-2.486546,-0.705169,19.290762,0.760472,1.707283,0.000338
0.050000,0.309440,-0.000056,0.492283,0.326855,0.000042,0.486848,0.017415,0.000098,-0.005435,0.108562,0.000887,0.242020,-0.429720,-0.007942,-5.383923,0.000177,-2.449727,-0.700761,19.188643,0.763323,1.675527,0.000359
0.051000,0.309557,-0.000053,0.492550,0.326855,0.000042,0.486848,0.017297,0.000095,-0.005703,0.111119,0.001465,0.250144,-0.492651,-0.019752,-5.573137,-0.003207,-2.412130,-0.704094,19.086811,0.760791,1.644171,0.000375
0.052000,0.309677,-0.000049,0.492832,0.326855,0.000042,0.486848,0.017178,0.000091,-0.005984,0.113896,0.002438,0.261060,-0.560116,-0.039655,-5.819632,-0.008602,-2.364345,-0.709577,18.959177,0.756660,1.606137,0.000407
0.053000,0.309800,-0.000045,0.493122,0.326855,0.000042,0.486848,0.017055,0.000087,-0.006274,0.116734,0.002573,0.268216,-0.629219,-0.042704,-5.991697,-0.009420,-2.333053,-0.710351,18.865335,0.755954,1.575114,0.000428
0.054000,0.309924,-0.000040,0.493418,0.326855,0.000042,0.486848,0.016931,0.000083,-0.006570,0.118932,0.003006,0.276212,-0.685576,-0.051857,-6.181289,-0.011991,-2.297725,-0.712960,18.765925,0.754022,1.544913,0.000457
0.055000,0.310052,-0.000036,0.493727,0.326855,0.000042,0.486848,0.016803,0.000079,-0.006879,0.121617,0.002746,0.283814,-0.752049,-0.047047,-6.364173,-0.010838,-2.264597,-0.711828,18.667740,0.754902,1.513249,0.000485
0.056000,0.310181,-0.000032,0.494038,0.326855,0.000042,0.486848,0.016674,0.000074,-0.007190,0.123868,0.002877,0.293455,-0.809977,-0.050110,-6.588126,-0.011507,-2.223091,-0.712610,18.552212,0.754228,1.479098,0.000520
0.057000,0.310312,-0.000031,0.494362,0.326855,0.000042,0.486848,0.016543,0.000074,-0.007514,0.125245,0.002683,0.301806,-0.850615,-0.046267,-6.787515,-0.010676,-2.184246,-0.711909,18.449764,0.754905,1.450898,0.000549
0.058000,0.310447,-0.000030,0.494699,0.326855,0.000042,0.486848,0.016408,0.000072,-0.007851,0.127920,0.002959,0.310637,-0.917638,-0.051928,-6.997856,-0.012243,-2.147076,-0.713566,18.339189,0.753674,1.416104,0.000588
0.059000,0.310581,-0.000025,0.495033,0.326855,0.000042,0.486848,0.016273,0.000067,-0.008185,0.129313,0.003488,0.319221,-0.958931,-0.063034,-7.202942,-0.014469,-2.107670,-0.715684,18.233626,0.751437,1.386993,0.000613
0.060000,0.310721,-0.000023,0.495383,0.326855,0.000042,0.486848,0.016134,0.000065,-0.008535,0.131438,0.003851,0.328229,-1.015357,-0.070517,-7.418091,-0.016897,-2.067331,-0.718260,18.120572,0.749756,1.353652,0.000646
0.061000,0.310861,-0.000020,0.495734,0.326855,0.000042,0.486848,0.015993,0.000062,-0.008886,0.134177,0.003027,0.335864,-1.084188,-0.054305,-7.605853,-0.011823,-2.034895,-0.713133,18.019123,0.753011,1.320538,0.000667
0.062000,0.311002,-0.000017,0.496096,0.326855,0.000042,0.486848,0.015853,0.000060,-0.009248,0.136108,0.002417,0.343179,-1.136861,-0.042371,-7.788385,-0.008010,-2.000319,-0.709203,17.921106,0.755375,1.291184,0.000682
0.063000,0.311148,-0.000018,0.496472,0.326855,0.000042,0.486848,0.015707,0.000060,-0.009624,0.137132,0.002009,0.352450,-1.171940,-0.034137,-8.011387,-0.005504,-1.957084,-0.706806,17.806891,0.756952,1.261099,0.000707
0.064000,0.311291,-0.000015,0.496840,0.326855,0.000042,0.486848,0.015563,0.000057,-0.009992,0.139463,0.001669,0.359068,-1.232910,-0.027628,-8.180546,-0.003153,-1.927745,-0.704395,17.714777,0.758214,1.231308,0.000725
0.065000,0.311439,-0.000014,0.497218,0.326855,0.000042,0.486848,0.015415,0.000056,-0.010370,0.140520,0.000736,0.363671,-1.268857,-0.009102,-8.310462,0.002078,-1.903348,-0.698989,17.644176,0.761912,1.210698,0.000738
0.066000,0.311591,-0.000013,0.497607,0.326855,0.000042,0.486848,0.015264,0.000056,-0.010759,0.142019,0.000758,0.368784,-1.313973,-0.009601,-8.451546,0.001961,-1.878206,-0.698961,17.567385,0.761731,1.187009,0.000761
0.067000,0.311745,-0.000013,0.498003,0.326855,0.000042,0.486848,0.015109,0.000056,-0.011155,0.145027,0.000749,0.377659,-1.389613,-0.009386,-8.668698,0.001505,-1.840457,-0.699452,17.449576,0.761545,1.148953,0.000794
0.068000,0.311902,-0.000014,0.498408,0.326855,0.000042,0.486848,0.014952,0.000056,-0.011560,0.148062,0.000603,0.384285,-1.466005,-0.006420,-8.841717,0.002384,-1.811340,-0.698323,17.352474,0.762016,1.115384,0.000820
0.069000,0.312063,-0.000013,0.498823,0.326855,0.000042,0.486848,0.014792,0.000056,-0.011976,0.152240,-0.000106,0.399552,-1.565592,0.007683,-9.188582,0.007882,-1.756799,-0.692821,17.173454,0.764895,1.058390,0.000885
0.070000,0.312224,-0.000015,0.499239,0.326855,0.000042,0.486848,0.014630,0.000057,-0.012391,0.154711,-0.000190,0.401651,-1.631186,0.009507,-9.272078,0.007720,-1.744894,-0.692659,17.120898,0.765123,1.036511,0.000910
0.071000,0.312389,-0.000014,0.499662,0.326855,0.000042,0.486848,0.014466,0.000057,-0.012814,0.158751,0.000542,0.406638,-1.728457,-0.005182,-9.414173,0.003816,-1.725598,-0.696022,17.036733,0.762082,1.001875,0.000952
0.072000,0.312552,-0.000017,0.500083,0.326855,0.000042,0.486848,0.014303,0.000060,-0.013235,0.159490,-0.001456,0.413766,-1.759479,0.035088,-9.598818,0.014355,-1.691782,-0.685893,16.940590,0.770025,0.975947,0.000972
0.073000,0.312717,-0.000020,0.500503,0.326855,0.000042,0.486848,0.014138,0.000062,-0.013655,0.159877,-0.001955,0.412030,-1.783710,0.045340,-9.606132,0.018465,-1.686204,-0.680654,16.926416,0.772212,0.970576,0.000945
0.074000,0.312881,-0.000022,0.500922,0.326855,0.000042,0.486848,0.013974,0.000064,-0.014074,0.161021,-0.002338,0.414121,-1.823006,0.053182,-9.689828,0.021738,-1.670778,-0.676664,16.875956,0.773863,0.953862,0.000944
0.075000,0.313049,-0.000023,0.501351,0.326855,0.000042,0.486848,0.013805,0.000065,-0.014503,0.162985,-0.002212,0.419335,-1.879142,0.050768,-9.837021,0.021983,-1.641797,-0.675682,16.790110,0.773307,0.926732,0.000942
0.076000,0.313218,-0.000022,0.501785,0.326855,0.000042,0.486848,0.013637,0.000065,-0.014937,0.163182,-0.001582,0.418882,-1.899989,0.038108,-9.871336,0.018127,-1.630867,-0.679294,16.762906,0.770560,0.919050,0.000924
0.077000,0.313389,-0.000025,0.502221,0.326855,0.000042,0.486848,0.013466,0.000067,-0.015373,0.164716,-0.001995,0.420814,-1.947724,0.046628,-9.953550,0.020872,-1.616059,-0.676128,16.711214,0.772212,0.900713,0.000924
0.078000,0.313566,-0.000025,0.502666,0.326855,0.000042,0.486848,0.013289,0.000068,-0.015818,0.168929,-0.001149,0.428229,-2.049696,0.029730,-10.146413,0.016720,-1.586347,-0.679779,16.599612,0.768647,0.859248,0.000955
0.079000,0.313745,-0.000027,0.503119,0.326855,0.000042,0.486848,0.013109,0.000069,-0.016271,0.171089,-0.001204,0.432841,-2.110839,0.030982,-10.283933,0.016944,-1.562798,-0.679347,16.519430,0.768704,0.832050,0.000968
0.080000,0.313924,-0.000030,0.503574,0.326855,0.000042,0.486848,0.012931,0.000072,-0.016726,0.173838,-0.001638,0.441544,-2.183706,0.040004,-10.503461,0.019193,-1.528667,-0.677077,16.401111,0.770307,0.793420,0.001008
0.081000,0.314110,-0.000033,0.504045,0.326855,0.000042,0.486848,0.012745,0.000075,-0.017197,0.177018,-0.001683,0.450197,-2.265890,0.041169,-10.723687,0.020082,-1.493492,-0.675694,16.279592,0.770420,0.752695,0.001044
0.082000,0.314294,-0.000039,0.504505,0.326855,0.000042,0.486848,0.012560,0.000081,-0.017657,0.180003,-0.002482,0.454450,-2.344010,0.057744,-10.854675,0.024090,-1.475365,-0.671456,16.201950,0.773553,0.722664,0.001073
0.083000,0.314485,-0.000045,0.504987,0.326855,0.000042,0.486848,0.012369,0.000087,-0.018139,0.183445,-0.003845,0.462267,-2.431960,0.085604,-11.059230,0.030652,-1.445673,-0.664850,16.088403,0.778879,0.682409,0.001123
0.084000,0.314678,-0.000048,0.505472,0.326855,0.000042,0.486848,0.012177,0.000091,-0.018624,0.185866,-0.003130,0.469718,-2.499630,0.071687,-11.256761,0.027689,-1.414291,-0.667125,15.979511,0.775988,0.646893,0.001154
0.085000,0.314868,-0.000053,0.505957,0.326855,0.000042,0.486848,0.011987,0.000095,-0.019109,0.187090,-0.004046,0.477474,-2.543087,0.090462,-11.460365,0.032829,-1.381006,-0.662055,15.871746,0.779584,0.615469,0.001181
0.086000,0.315060,-0.000054,0.506448,0.326855,0.000042,0.486848,0.011795,0.000097,-0.019600,0.188204,-0.002471,0.483277,-2.584589,0.059082,-11.625507,0.025678,-1.353027,-0.668087,15.781437,0.773312,0.588676,0.001206
0.087000,0.315253,-0.000056,0.506939,0.326855,0.000042,0.486848,0.011602,0.000099,-0.020091,0.190101,-0.001738,0.489294,-2.641799,0.044629,-11.795013,0.022535,-1.323711,-0.670532,15.685064,0.770272,0.558118,0.001218
0.088000,0.315446,-0.000055,0.507446,0.326855,0.000042,0.486848,0.011409,0.000097,-0.020598,0.189796,-0.001103,0.492453,-2.655059,0.031809,-11.908842,0.017433,-1.298947,-0.675613,15.620357,0.767304,0.542627,0.001223
0.089000,0.315642,-0.000057,0.507959,0.326855,0.000042,0.486848,0.011212,0.000099,-0.021111,0.190152,-0.001673,0.499153,-2.681803,0.043397,-12.094168,0.022094,-1.267996,-0.670809,15.523207,0.769645,0.516306,0.001235
0.090000,0.315841,-0.000059,0.508487,0.326855,0.000042,0.486848,0.011014,0.000101,-0.021639,0.193534,-0.001049,0.509449,-2.769266,0.031093,-12.352888,0.019623,-1.230967,-0.672965,15.383569,0.767014,0.469348,0.001287
0.091000,0.316042,-0.000057,0.509024,0.326855,0.000042,0.486848,0.010813,0.000099,-0.022176,0.195406,0.000443,0.519767,-2.826832,0.001095,-12.612909,0.011042,-1.191904,-0.681538,15.247286,0.760675,0.428055,0.001346
0.092000,0.316244,-0.000059,0.509563,0.326855,0.000042,0.486848,0.010611,0.000102,-0.022715,0.196928,-0.000881,0.526966,-2.877467,0.027786,-12.810865,0.017484,-1.161214,-0.675557,15.140715,0.765692,0.395178,0.001376
0.093000,0.316447,-0.000060,0.510107,0.326855,0.000042,0.486848,0.010407,0.000103,-0.023259,0.198611,-0.001379,0.531383,-2.931487,0.037845,-12.953594,0.019563,-1.142824,-0.673278,15.062806,0.767571,0.368037,0.001430
0.094000,0.316652,-0.000065,0.510650,0.326855,0.000042,0.486848,0.010203,0.000108,-0.023802,0.199024,-0.002919,0.532761,-2.960200,0.069140,-13.035473,0.025748,-1.128155,-0.667337,15.014203,0.773472,0.352889,0.001450
0.095000,0.316852,-0.000068,0.511188,0.326855,0.000042,0.486848,0.010003,0.000110,-0.024340,0.198999,-0.003141,0.534446,-2.979715,0.073853,-13.122884,0.027909,-1.112851,-0.664243,14.964933,0.774514,0.338927,0.001467
0.096000,0.317055,-0.000073,0.511730,0.326855,0.000042,0.486848,0.009800,0.000116,-0.024882,0.200277,-0.004152,0.535775,-3.025559,0.094600,-13.203711,0.031963,-1.094560,-0.659961,14.910000,0.778250,0.320325,0.001459
0.097000,0.317257,-0.000071,0.512282,0.326855,0.000042,0.486848,0.009598,0.000114,-0.025434,0.199175,-0.001903,0.538806,-3.023682,0.049463,-13.319496,0.021719,-1.070659,-0.668945,14.847468,0.769320,0.307165,0.001460
0.098000,0.317454,-0.000069,0.512840,0.326855,0.000042,0.486848,0.009400,0.000112,-0.025992,0.199144,0.000366,0.545037,-3.042852,0.003878,-13.499909,0.012464,-1.035467,-0.676964,14.748861,0.760284,0.282090,0.001453
0.099000,0.317659,-0.000066,0.513407,0.326855,0.000042,0.486848,0.009196,0.000108,-0.026559,0.200813,0.001123,0.552879,-3.096631,-0.011636,-13.713512,0.005979,-0.999811,-0.684153,14.630810,0.756494,0.246165,0.001481
0.100000,0.317857,-0.000060,0.513971,0.326855,0.000042,0.486848,0.008998,0.000103,-0.027123,0.200188,0.003829,0.558799,-3.103999,-0.066306,-13.888287,-0.009341,-0.968103,-0.700691,14.538506,0.745050,0.223957,0.001474
0.101000,0.318061,-0.000057,0.514553,0.326855,0.000042,0.486848,0.008794,0.000100,-0.027705,0.200985,0.003982,0.568541,-3.140314,-0.069679,-14.141362,-0.007708,-0.930665,-0.698443,14.407971,0.744463,0.186689,0.001513
0.102000,0.318267,-0.000055,0.515137,0.326855,0.000042,0.486848,0.008588,0.000098,-0.028289,0.201694,0.003431,0.571820,-3.175089,-0.058865,-14.265314,-0.003849,-0.908759,-0.693440,14.336961,0.746659,0.164972,0.001535
0.103000,0.318471,-0.000062,0.515719,0.326855,0.000042,0.486848,0.008384,0.000104,-0.028871,0.202659,-0.000278,0.576695,-3.214769,0.015976,-14.421033,0.015967,-0.886650,-0.673477,14.253559,0.761561,0.138543,0.001577
0.104000,0.318676,-0.000066,0.516304,0.326855,0.000042,0.486848,0.008178,0.000108,-0.029456,0.201894,-0.001559,0.577308,-3.220047,0.041968,-14.491799,0.024309,-0.870736,-0.664138,14.212220,0.766900,0.128958,0.001574
0.105000,0.318880,-0.000070,0.516890,0.326855,0.000042,0.486848,0.007974,0.000113,-0.030042,0.202929,-0.002046,0.581132,-3.261153,0.052201,-14.626842,0.027088,-0.850152,-0.660482,14.137027,0.768900,0.104577,0.001616
0.106000,0.319090,-0.000075,0.517493,0.326855,0.000042,0.486848,0.007765,0.000117,-0.030645,0.204985,-0.002277,0.587605,-3.323220,0.057283,-14.816567,0.029726,-0.819294,-0.656803,14.029290,0.769847,0.069278,0.001640
0.107000,0.319299,-0.000074,0.518099,0.326855,0.000042,0.486848,0.007556,0.000116,-0.031251,0.205654,-0.000739,0.591433,-3.357485,0.026420,-14.953810,0.022433,-0.793438,-0.663277,13.949796,0.763566,0.045722,0.001648
0.108000,0.319507,-0.000072,0.518717,0.326855,0.000042,0.486848,0.007347,0.000114,-0.031869,0.208110,-0.000103,0.601794,-3.427457,0.013499,-15.222747,0.020616,-0.750477,-0.664420,13.801252,0.760778,-0.001006,0.001675
0.109000,0.319722,-0.000067,0.519348,0.326855,0.000042,0.486848,0.007133,0.000109,-0.032500,0.210486,0.001763,0.611993,-3.496423,-0.024342,-15.489893,0.010842,-0.708506,-0.674038,13.653590,0.752785,-0.047491,0.001707
0.110000,0.319930,-0.000063,0.519963,0.326855,0.000042,0.486848,0.006924,0.000105,-0.033115,0.210836,0.002224,0.616333,-3.524282,-0.033941,-15.638171,0.009457,-0.682627,-0.675117,13.570601,0.750744,-0.071357,0.001711
0.111000,0.320142,-0.000064,0.520595,0.326855,0.000042,0.486848,0.006712,0.000107,-0.033747,0.210463,0.000685,0.622567,-3.538020,-0.003000,-15.826069,0.019283,-0.652779,-0.665223,13.472532,0.756895,-0.097331,0.001724
0.112000,0.320356,-0.000066,0.521214,0.326855,0.000042,0.486848,0.006499,0.000108,-0.034366,0.211081,-0.000055,0.618253,-3.571715,0.011919,-15.801625,0.023887,-0.651086,-0.659263,13.472735,0.760007,-0.101104,0.001722
0.113000,0.320565,-0.000071,0.521826,0.326855,0.000042,0.486848,0.006289,0.000113,-0.034978,0.210182,-0.001491,0.617149,-3.574706,0.041127,-15.840812,0.030399,-0.635824,-0.652412,13.443609,0.765568,-0.106811,0.001708
0.114000,0.320782,-0.000075,0.522451,0.326855,0.000042,0.486848,0.006073,0.000118,-0.035603,0.210620,-0.002203,0.618485,-3.605082,0.055822,-15.929958,0.033961,-0.617384,-0.648540,13.387702,0.768251,-0.124059,0.001706
0.115000,0.321000,-0.000076,0.523090,0.326855,0.000042,0.486848,0.005855,0.000118,-0.036242,0.211721,-0.001522,0.622857,-3.648933,0.042239,-16.081310,0.028877,-0.588677,-0.653242,13.297721,0.765044,-0.151785,0.001722
0.116000,0.321215,-0.000077,0.523717,0.326855,0.000042,0.486848,0.005639,0.000120,-0.036869,0.212343,-0.001288,0.626131,-3.682919,0.037723,-16.209553,0.026767,-0.560701,-0.654760,13.218367,0.763703,-0.174826,0.001718
0.117000,0.321440,-0.000076,0.524367,0.326855,0.000042,0.486848,0.005415,0.000119,-0.037519,0.215415,-0.000501,0.631237,-3.766822,0.021892,-16.376649,0.021698,-0.531484,-0.658838,13.114204,0.760052,-0.212544,0.001742
0.118000,0.321660,-0.000076,0.525010,0.326855,0.000042,0.486848,0.005194,0.000118,-0.038162,0.215979,-0.000311,0.634186,-3.800135,0.018047,-16.499959,0.021366,-0.505467,-0.658609,13.038191,0.759022,-0.234935,0.001726
0.119000,0.321883,-0.000077,0.525662,0.326855,0.000042,0.486848,0.004971,0.000119,-0.038814,0.216766,-0.001691,0.635424,-3.838176,0.045726,-16.589861,0.028235,-0.490387,-0.651815,12.982991,0.764282,-0.253903,0.001734
0.120000,0.322110,-0.000079,0.526324,0.326855,0.000042,0.486848,0.004745,0.000122,-0.039476,0.218231,-0.002309,0.639034,-3.890137,0.058340,-16.728249,0.031483,-0.466700,-0.648083,12.899854,0.766483,-0.281820,0.001747
0.121000,0.322329,-0.000079,0.526977,0.326855,0.000042,0.486848,0.004526,0.000122,-0.040129,0.219662,-0.001604,0.642723,-3.940625,0.044271,-16.867370,0.030130,-0.448020,-0.647921,12.821414,0.763891,-0.309395,0.001788
0.122000,0.322554,-0.000086,0.527645,0.326855,0.000042,0.486848,0.004301,0.000128,-0.040797,0.220097,-0.004868,0.650345,-3.971882,0.110174,-17.086596,0.050082,-0.417623,-0.625913,12.706910,0.777315,-0.343390,0.001848
0.123000,0.322779,-0.000089,0.528318,0.326855,0.000042,0.486848,0.004075,0.000132,-0.041470,0.222829,-0.004364,0.662955,-4.049042,0.100466,-17.406064,0.048780,-0.375924,-0.626786,12.535753,0.775085,-0.399286,0.001910
0.124000,0.323009,-0.000089,0.529010,0.326855,0.000042,0.486848,0.003846,0.000132,-0.042162,0.225206,-0.002638,0.673328,-4.119545,0.065903,-17.682805,0.038966,-0.338530,-0.636714,12.385212,0.767661,-0.448716,0.001970
0.125000,0.323239,-0.000090,0.529714,0.326855,0.000042,0.486848,0.003615,0.000133,-0.042866,0.224813,-0.002130,0.682999,-4.134719,0.055866,-17.946529,0.036083,-0.303319,-0.640003,12.251251,0.765306,-0.485773,0.002024
0.126000,0.323464,-0.000093,0.530394,0.326855,0.000042,0.486848,0.003391,0.000135,-0.043546,0.224738,-0.002304,0.683883,-4.155672,0.059597,-18.032244,0.037352,-0.284592,-0.638229,12.197947,0.765870,-0.501386,0.002020
0.127000,0.323692,-0.000095,0.531076,0.326855,0.000042,0.486848,0.003163,0.000138,-0.044228,0.223957,-0.003554,0.680741,-4.162841,0.084866,-18.037614,0.039892,-0.275189,-0.636005,12.185563,0.770279,-0.503983,0.002021
0.128000,0.323914,-0.000101,0.531749,0.326855,0.000042,0.486848,0.002940,0.000143,-0.044901,0.221689,-0.004036,0.679381,-4.139743,0.095034,-18.077750,0.044219,-0.259717,-0.630692,12.159942,0.772437,-0.505196,0.001992
0.129000,0.324133,-0.000102,0.532435,0.326855,0.000042,0.486848,0.002722,0.000144,-0.045587,0.219862,-0.002761,0.677517,-4.125086,0.069616,-18.109006,0.038335,-0.239230,-0.635724,12.131962,0.767222,-0.507148,0.001941
0.130000,0.324358,-0.000101,0.533143,0.326855,0.000042,0.486848,0.002497,0.000144,-0.046295,0.220296,-0.001769,0.684772,-4.156193,0.049772,-18.324919,0.032168,-0.201473,-0.641768,12.010789,0.762678,-0.541803,0.001956
0.131000,0.324575,-0.000097,0.533839,0.326855,0.000042,0.486848,0.002280,0.000139,-0.046991,0.219410,0.000652,0.691306,-4.160215,0.000871,-18.525211,0.020320,-0.166185,-0.653597,11.902088,0.752615,-0.569221,0.001953
0.132000,0.324800,-0.000094,0.534549,0.326855,0.000042,0.486848,0.002055,0.000137,-0.047701,0.219821,0.001636,0.697055,-4.190890,-0.019061,-18.711208,0.014349,-0.135482,-0.659226,11.797981,0.748180,-0.600020,0.001980
0.133000,0.325025,-0.000092,0.535261,0.326855,0.000042,0.486848,0.001830,0.000134,-0.048413,0.219750,0.001982,0.700321,-4.212045,-0.026215,-18.847732,0.013149,-0.110325,-0.659775,11.719150,0.746531,-0.622589,0.001985
0.134000,0.325243,-0.000090,0.535963,0.326855,0.000042,0.486848,0.001611,0.000133,-0.049116,0.219643,0.002112,0.702569,-4.231731,-0.028969,-18.962942,0.014921,-0.093069,-0.656863,11.655945,0.746200,-0.641900,0.002010
0.135000,0.325468,-0.000096,0.536678,0.326855,0.000042,0.486848,0.001387,0.000138,-0.049830,0.219892,-0.000584,0.702215,-4.259138,0.025503,-19.027299,0.028131,-0.076186,-0.642913,11.611268,0.756713,-0.656295,0.002013
0.137000,0.325914,-0.000103,0.538126,0.326855,0.000042,0.486848,0.000940,0.000146,-0.051279,0.221003,-0.001826,0.719072,-4.326022,0.051109,-19.509299,0.037605,-0.004992,-0.631472,11.351032,0.761489,-0.734069,0.002092
0.138000,0.326141,-0.000102,0.538879,0.326855,0.000042,0.486848,0.000713,0.000145,-0.052031,0.221506,-0.000175,0.728328,-4.358781,0.017965,-19.769661,0.029280,0.033821,-0.639311,11.210329,0.754531,-0.775704,0.002136
0.139000,0.326361,-0.000101,0.539618,0.326855,0.000042,0.486848,0.000493,0.000144,-0.052770,0.220595,0.000668,0.732678,-4.362560,0.001022,-19.930610,0.025570,0.056374,-0.642954,11.127667,0.751069,-0.798373,0.002172
0.140000,0.326584,-0.000102,0.540360,0.326855,0.000042,0.486848,0.000271,0.000144,-0.053512,0.219959,0.000711,0.732858,-4.372136,0.000197,-20.008365,0.025460,0.069747,-0.642594,11.084498,0.750868,-0.811121,0.002201
0.141000,0.326801,-0.000099,0.541081,0.326855,0.000042,0.486848,0.000053,0.000142,-0.054233,0.219002,0.001530,0.733229,-4.374710,-0.016442,-20.087926,0.021942,0.090155,-0.644965,11.035218,0.747543,-0.823052,0.002202
0.142000,0.327017,-0.000102,0.541821,0.326855,0.000042,0.486848,-0.000162,0.000145,-0.054973,0.217169,0.001013,0.734168,-4.359554,-0.005816,-20.180621,0.019599,0.115480,-0.648096,10.980083,0.748737,-0.833441,0.002210
0.143000,0.327230,-0.000102,0.542570,0.326855,0.000042,0.486848,-0.000375,0.000144,-0.055722,0.215255,0.000851,0.733813,-4.342597,-0.002598,-20.248430,0.023340,0.142677,-0.643316,10.933088,0.749400,-0.840384,0.002145
0.144000,0.327440,-0.000101,0.543320,0.326855,0.000042,0.486848,-0.000585,0.000143,-0.056472,0.214935,0.001145,0.739688,-4.357252,-0.008549,-20.440923,0.022559,0.178900,-0.644019,10.823700,0.747792,-0.870091,0.002131
0.145000,0.327654,-0.000097,0.544079,0.326855,0.000042,0.486848,-0.000799,0.000139,-0.057232,0.213397,0.002338,0.743899,-4.347811,-0.032851,-20.601129,0.014570,0.214628,-0.652380,10.731510,0.742245,-0.891032,0.002115
0.146000,0.327870,-0.000094,0.544838,0.326855,0.000042,0.486848,-0.001015,0.000136,-0.057990,0.213440,0.002267,0.752847,-4.370299,-0.031701,-20.855938,0.014907,0.249775,-0.652134,10.596696,0.742014,-0.930617,0.002158
0.147000,0.328086,-0.000090,0.545604,0.326855,0.000042,0.486848,-0.001231,0.000132,-0.058756,0.213398,0.003659,0.753853,-4.391092,-0.059972,-20.952688,0.005978,0.268902,-0.661658,10.538751,0.735879,-0.948540,0.002165
0.148000,0.328303,-0.000089,0.546372,0.326855,0.000042,0.486848,-0.001448,0.000132,-0.059524,0.213325,0.003311,0.752537,-4.411282,-0.053037,-21.003121,0.005450,0.287268,-0.661289,10.500296,0.736776,-0.960233,0.002181
0.149000,0.328514,-0.000095,0.547135,0.326855,0.000042,0.486848,-0.001660,0.000138,-0.060287,0.213163,0.000543,0.758403,-4.429233,0.002917,-21.196716,0.024344,0.319280,-0.640735,10.393329,0.748061,-0.990970,0.002179
0.150000,0.328732,-0.000100,0.547923,0.326855,0.000042,0.486848,-0.001877,0.000143,-0.061075,0.213789,-0.001096,0.766862,-4.463470,0.036185,-21.444720,0.034966,0.355286,-0.628893,10.258487,0.754490,-1.032382,0.002217
0.151000,0.328953,-0.000105,0.548731,0.326855,0.000042,0.486848,-0.002099,0.000148,-0.061883,0.215100,-0.001755,0.777157,-4.511850,0.049850,-21.731408,0.040321,0.395078,-0.622574,10.102007,0.756884,-1.082044,0.002261
0.152000,0.329170,-0.000105,0.549510,0.326855,0.000042,0.486848,-0.002315,0.000148,-0.062662,0.217027,-0.001730,0.779491,-4.572033,0.049386,-21.856002,0.038230,0.418838,-0.624168,10.022128,0.756155,-1.111751,0.002288
0.153000,0.329390,-0.000104,0.550296,0.326855,0.000042,0.486848,-0.002535,0.000146,-0.063448,0.218820,-0.002539,0.781739,-4.629954,0.065417,-21.979583,0.045942,0.441446,-0.614545,9.944002,0.759461,-1.140913,0.002295
0.154000,0.329605,-0.000105,0.551049,0.326855,0.000042,0.486848,-0.002750,0.000148,-0.064202,0.216910,-0.002473,0.775208,-4.613239,0.064222,-21.924322,0.046480,0.453680,-0.611851,9.958596,0.759369,-1.131297,0.002258
0.155000,0.329818,-0.000105,0.551823,0.326855,0.000042,0.486848,-0.002963,0.000147,-0.064975,0.215338,-0.001448,0.772439,-4.603086,0.043687,-21.946308,0.038960,0.474858,-0.618505,9.933277,0.754814,-1.133706,0.002239
0.156000,0.330031,-0.000107,0.552610,0.326855,0.000042,0.486848,-0.003176,0.000149,-0.065762,0.213954,-0.001624,0.774009,-4.596674,0.047378,-22.056407,0.040416,0.511408,-0.615987,9.858073,0.755074,-1.149397,0.002183
0.157000,0.330235,-0.000108,0.553381,0.326855,0.000042,0.486848,-0.003380,0.000150,-0.066533,0.210417,-0.002237,0.773233,-4.546334,0.059759,-22.117919,0.045421,0.544674,-0.609438,9.812485,0.757356,-1.149964,0.002111
0.158000,0.330445,-0.000109,0.554169,0.326855,0.000042,0.486848,-0.003590,0.000151,-0.067321,0.208258,-0.001827,0.776983,-4.524175,0.051650,-22.271751,0.041714,0.578390,-0.613262,9.724981,0.755067,-1.168451,0.002097
0.159000,0.330654,-0.000106,0.554938,0.326855,0.000042,0.486848,-0.003800,0.000148,-0.068090,0.207035,-0.000651,0.780139,-4.520653,0.027866,-22.411764,0.036285,0.603174,-0.618578,9.647237,0.750084,-1.188290,0.002096
0.160000,0.330866,-0.000110,0.555724,0.326855,0.000042,0.486848,-0.004011,0.000152,-0.068876,0.207016,-0.001655,0.777995,-4.541402,0.048339,-22.447476,0.040440,0.619375,-0.613588,9.615474,0.753725,-1.198347,0.002088
0.161000,0.331076,-0.000112,0.556518,0.326855,0.000042,0.486848,-0.004222,0.000155,-0.069670,0.207325,-0.001673,0.781476,-4.568665,0.048946,-22.596504,0.040465,0.643472,-0.613501,9.530123,0.753378,-1.225371,0.002099
0.162000,0.331284,-0.000117,0.557311,0.326855,0.000042,0.486848,-0.004429,0.000160,-0.070463,0.206517,-0.003683,0.787768,-4.573261,0.089655,-22.801709,0.050092,0.676954,-0.603677,9.417643,0.760805,-1.256182,0.002110
0.163000,0.331496,-0.000120,0.558134,0.326855,0.000042,0.486848,-0.004642,0.000162,-0.071286,0.209204,-0.003316,0.797117,-4.648238,0.082562,-23.070973,0.048827,0.715022,-0.603697,9.263684,0.758817,-1.309581,0.002161
0.164000,0.331702,-0.000122,0.558926,0.326855,0.000042,0.486848,-0.004847,0.000164,-0.072078,0.207917,-0.002689,0.801856,-4.643032,0.070226,-23.244893,0.046920,0.744270,-0.604388,9.168687,0.756228,-1.334259,0.002185
0.165000,0.331908,-0.000131,0.559730,0.326855,0.000042,0.486848,-0.005053,0.000174,-0.072882,0.206101,-0.005570,0.798906,-4.627308,0.128788,-23.266318,0.060069,0.760561,-0.589884,9.149486,0.767486,-1.335462,0.002184
0.166000,0.332116,-0.000136,0.560522,0.326855,0.000042,0.486848,-0.005261,0.000179,-0.073674,0.205481,-0.006185,0.792291,-4.635694,0.141543,-23.213188,0.062369,0.773295,-0.585729,9.158284,0.769764,-1.330975,0.002154
0.167000,0.332317,-0.000140,0.561313,0.326855,0.000042,0.486848,-0.005462,0.000182,-0.074465,0.204940,-0.005947,0.794870,-4.645038,0.137174,-23.343870,0.059465,0.803195,-0.587918,9.077365,0.768222,-1.352688,0.002153
0.168000,0.332522,-0.000140,0.562119,0.326855,0.000042,0.486848,-0.005667,0.000182,-0.075271,0.203725,-0.004604,0.796865,-4.641240,0.110325,-23.464402,0.052805,0.831866,-0.594513,9.003501,0.762429,-1.370529,0.002124
0.169000,0.332720,-0.000135,0.562935,0.326855,0.000042,0.486848,-0.005865,0.000178,-0.076087,0.199622,-0.001013,0.801578,-4.578988,0.038043,-23.640301,0.035614,0.867902,-0.612009,8.910879,0.747862,-1.385216,0.002102
0.170000,0.332915,-0.000137,0.563743,0.326855,0.000042,0.486848,-0.006060,0.000179,-0.076895,0.197887,-0.000702,0.806371,-4.563768,0.031955,-23.816915,0.036076,0.903514,-0.610747,8.810287,0.746349,-1.409057,0.002081
0.171000,0.333115,-0.000137,0.564556,0.326855,0.000042,0.486848,-0.006260,0.000180,-0.077708,0.196840,-0.000364,0.805591,-4.562807,0.025254,-23.882591,0.035506,0.926515,-0.610148,8.763671,0.744827,-1.419709,0.002060
0.172000,0.333313,-0.000141,0.565359,0.326855,0.000042,0.486848,-0.006459,0.000183,-0.078511,0.196418,-0.000981,0.809640,-4.574235,0.037938,-24.043949,0.039425,0.951900,-0.605126,8.674197,0.747056,-1.446072,0.002087
0.173000,0.333512,-0.000144,0.566179,0.326855,0.000042,0.486848,-0.006658,0.000187,-0.079331,0.195911,-0.001983,0.811198,-4.583982,0.058336,-24.157049,0.043868,0.971980,-0.600170,8.609841,0.750700,-1.465199,0.002106
0.174000,0.333713,-0.000149,0.567028,0.326855,0.000042,0.486848,-0.006859,0.000191,-0.080180,0.196495,-0.003081,0.824412,-4.615774,0.080753,-24.506263,0.050753,1.014117,-0.593199,8.425906,0.754495,-1.522753,0.002152
0.175000,0.333910,-0.000150,0.567861,0.326855,0.000042,0.486848,-0.007055,0.000193,-0.081013,0.197324,-0.002074,0.829416,-4.651980,0.060755,-24.689619,0.045588,1.045296,-0.597312,8.318267,0.750003,-1.557552,0.002183
0.176000,0.334107,-0.000153,0.568692,0.326855,0.000042,0.486848,-0.007252,0.000196,-0.081844,0.196522,-0.002133,0.827606,-4.655656,0.062249,-24.736537,0.044540,1.057531,-0.597319,8.289724,0.750075,-1.565964,0.002223
0.177000,0.334304,-0.000160,0.569499,0.326855,0.000042,0.486848,-0.007449,0.000203,-0.082651,0.196794,-0.004570,0.826479,-4.680784,0.111694,-24.794670,0.057003,1.068862,-0.582478,8.253347,0.759830,-1.579970,0.002274
0.178000,0.334493,-0.000168,0.570312,0.326855,0.000042,0.486848,-0.007639,0.000211,-0.083464,0.193787,-0.008171,0.820934,-4.639595,0.184501,-24.765065,0.077652,1.085943,-0.557795,8.258366,0.774574,-1.569412,0.002261
0.179000,0.334682,-0.000168,0.571150,0.326855,0.000042,0.486848,-0.007828,0.000210,-0.084302,0.192263,-0.004535,0.825060,-4.628031,0.111727,-24.931427,0.058731,1.125749,-0.577062,8.156871,0.759456,-1.593469,0.002231
0.180000,0.334858,-0.000167,0.571964,0.326855,0.000042,0.486848,-0.008003,0.000209,-0.085116,0.186499,-0.002015,0.822712,-4.530319,0.061221,-24.965850,0.046492,1.158761,-0.590151,8.128695,0.749030,-1.582222,0.002120
0.181000,0.335041,-0.000161,0.572810,0.326855,0.000042,0.486848,-0.008187,0.000203,-0.085962,0.183251,0.001280,0.826520,-4.483675,-0.005259,-25.126581,0.029697,1.199032,-0.607243,8.034817,0.735314,-1.598972,0.002089
0.182000,0.335220,-0.000158,0.573645,0.326855,0.000042,0.486848,-0.008365,0.000200,-0.086797,0.178652,0.002307,0.826604,-4.409522,-0.026108,-25.211804,0.023674,1.226243,-0.613838,7.988440,0.730746,-1.599023,0.002053
0.183000,0.335392,-0.000155,0.574476,0.326855,0.000042,0.486848,-0.008537,0.000198,-0.087628,0.175454,0.003278,0.828004,-4.362778,-0.045761,-25.322929,0.019759,1.253736,-0.618201,7.927156,0.726606,-1.607981,0.002021
0.184000,0.335569,-0.000157,0.575317,0.326855,0.000042,0.486848,-0.008715,0.000199,-0.088470,0.173978,0.000687,0.828881,-4.351038,0.006197,-25.424577,0.033487,1.281658,-0.603147,7.863624,0.736482,-1.622301,0.001996
0.185000,0.335743,-0.000158,0.576181,0.326855,0.000042,0.486848,-0.008889,0.000201,-0.089333,0.173703,0.000033,0.843432,-4.362927,0.019398,-25.801966,0.039561,1.325797,-0.596374,7.669341,0.738748,-1.681400,0.002063
0.186000,0.335920,-0.000159,0.577051,0.326855,0.000042,0.486848,-0.009066,0.000201,-0.090203,0.173272,0.000054,0.853387,-4.371996,0.019027,-26.088087,0.041031,1.358968,-0.594897,7.522585,0.738328,-1.726574,0.002117
0.187000,0.336097,-0.000164,0.577928,0.326855,0.000042,0.486848,-0.009243,0.000206,-0.091080,0.172206,-0.001689,0.861174,-4.368376,0.054398,-26.331469,0.049171,1.385753,-0.585758,7.402156,0.744984,-1.762934,0.002215
0.188000,0.336271,-0.000174,0.578755,0.326855,0.000042,0.486848,-0.009416,0.000217,-0.091907,0.174112,-0.004644,0.852781,-4.423878,0.114555,-26.246285,0.062967,1.393949,-0.568031,7.424403,0.756712,-1.761954,0.002233
0.189000,0.336449,-0.000181,0.579596,0.326855,0.000042,0.486848,-0.009594,0.000224,-0.092748,0.175234,-0.005027,0.846180,-4.464072,0.122926,-26.198404,0.064657,1.412484,-0.563555,7.422210,0.758036,-1.764313,0.002205
0.190000,0.336615,-0.000183,0.580441,0.326855,0.000042,0.486848,-0.009760,0.000225,-0.093593,0.174294,-0.003174,0.846431,-4.461919,0.086013,-26.287911,0.054353,1.454753,-0.573191,7.346753,0.749751,-1.780031,0.002128
0.191000,0.336783,-0.000179,0.581295,0.326855,0.000042,0.486848,-0.009928,0.000221,-0.094447,0.170869,-0.001426,0.845608,-4.410204,0.050622,-26.356874,0.040639,1.493108,-0.587968,7.291360,0.741337,-1.783234,0.002044
0.192000,0.336949,-0.000171,0.582161,0.326855,0.000042,0.486848,-0.010095,0.000213,-0.095313,0.167483,0.001776,0.848810,-4.359102,-0.014185,-26.507533,0.024897,1.537092,-0.604349,7.197063,0.727792,-1.798748,0.001977
0.193000,0.337110,-0.000164,0.582997,0.326855,0.000042,0.486848,-0.010255,0.000206,-0.096149,0.164986,0.004269,0.846219,-4.325229,-0.064775,-26.539321,0.010086,1.565010,-0.619402,7.163834,0.716975,-1.799244,0.001930
0.194000,0.337271,-0.000162,0.583854,0.326855,0.000042,0.486848,-0.010416,0.000205,-0.097007,0.162293,0.003262,0.848259,-4.287478,-0.044767,-26.665827,0.017680,1.592742,-0.610498,7.094093,0.720888,-1.812584,0.001925
0.195000,0.337432,-0.000169,0.584697,0.326855,0.000042,0.486848,-0.010577,0.000211,-0.097849,0.161857,-0.000153,0.853363,-4.294869,0.024167,-26.852212,0.041901,1.620884,-0.583324,6.991591,0.734912,-1.843144,0.001927
0.196000,0.337587,-0.000170,0.585586,0.326855,0.000042,0.486848,-0.010732,0.000213,-0.098738,0.157805,-0.000438,0.860176,-4.229314,0.030006,-27.077290,0.046052,1.658456,-0.578632,6.877378,0.735958,-1.866404,0.001934
0.197000,0.337743,-0.000175,0.586466,0.326855,0.000042,0.486848,-0.010889,0.000217,-0.099618,0.153724,-0.001245,0.867337,-4.163351,0.046595,-27.308575,0.050318,1.693768,-0.574166,6.762098,0.738791,-1.890518,0.001952
0.198000,0.337895,-0.000182,0.587310,0.326855,0.000042,0.486848,-0.011040,0.000224,-0.100462,0.152342,-0.003773,0.855401,-4.150846,0.097865,-27.154248,0.060899,1.690752,-0.561103,6.835198,0.748984,-1.865492,0.001968
0.199000,0.338055,-0.000192,0.588157,0.326855,0.000042,0.486848,-0.011200,0.000235,-0.101309,0.152037,-0.006005,0.851045,-4.160731,0.143587,-27.151798,0.070829,1.706564,-0.547500,6.822327,0.757794,-1.868333,0.002009
0.200000,0.338208,-0.000204,0.589015,0.326855,0.000042,0.486848,-0.011354,0.000246,-0.102167,0.150905,-0.006806,0.847598,-4.153454,0.160758,-27.168654,0.075223,1.735210,-0.540242,6.790680,0.760811,-1.871820,0.001980
0.201000,0.338349,-0.000207,0.589856,0.326855,0.000042,0.486848,-0.011494,0.000250,-0.103008,0.147321,-0.005049,0.848436,-4.095820,0.125977,-27.269525,0.067968,1.779037,-0.547564,6.716209,0.753218,-1.879224,0.001871
0.202000,0.338492,-0.000200,0.590720,0.326855,0.000042,0.486848,-0.011637,0.000242,-0.103873,0.144839,-0.001498,0.852050,-4.060521,0.054166,-27.428249,0.046351,1.823631,-0.570908,6.614234,0.737582,-1.899387,0.001815
0.203000,0.338633,-0.000193,0.591560,0.326855,0.000042,0.486848,-0.011778,0.000236,-0.104712,0.141068,0.001479,0.850607,-3.999157,-0.006021,-27.483308,0.028325,1.858500,-0.589842,6.567658,0.724621,-1.898795,0.001752
0.204000,0.338779,-0.000191,0.592413,0.326855,0.000042,0.486848,-0.011925,0.000233,-0.105565,0.141132,0.002776,0.851377,-4.015104,-0.032199,-27.584080,0.024985,1.885921,-0.593152,6.497729,0.719133,-1.918904,0.001698
0.205000,0.338927,-0.000192,0.593278,0.326855,0.000042,0.486848,-0.012072,0.000234,-0.106430,0.139853,0.001655,0.850515,-4.004256,-0.009695,-27.653315,0.034016,1.913075,-0.582063,6.445869,0.723475,-1.929327,0.001664
0.206000,0.339065,-0.000191,0.594147,0.326855,0.000042,0.486848,-0.012210,0.000233,-0.107299,0.140731,0.001922,0.858521,-4.035615,-0.015100,-27.900317,0.032910,1.953012,-0.582298,6.302427,0.721480,-1.974702,0.001675
0.207000,0.339209,-0.000195,0.595033,0.326855,0.000042,0.486848,-0.012354,0.000238,-0.108185,0.139897,0.000312,0.866834,-4.033356,0.017519,-28.155234,0.042052,1.987210,-0.571540,6.167548,0.727404,-2.014616,0.001712
0.208000,0.339352,-0.000201,0.595873,0.326855,0.000042,0.486848,-0.012497,0.000244,-0.109025,0.142245,-0.001119,0.859481,-4.094587,0.046755,-28.092162,0.046522,1.991542,-0.563636,6.181990,0.732781,-2.017163,0.001771
0.209000,0.339497,-0.000219,0.596727,0.326855,0.000042,0.486848,-0.012643,0.000261,-0.109879,0.143149,-0.005855,0.857764,-4.127237,0.143222,-28.143191,0.071803,2.002381,-0.533048,6.148451,0.752014,-2.031730,0.001840
0.210000,0.339643,-0.000233,0.597583,0.326855,0.000042,0.486848,-0.012788,0.000276,-0.110735,0.143207,-0.009010,0.850313,-4.142956,0.207768,-28.079727,0.088210,2.011325,-0.512576,6.164457,0.764742,-2.026264,0.001836
