time,p_EE_x,p_EE_y,p_EE_z,p_d_x,p_d_y,p_d_z,p_end_x,p_end_y,p_end_z,e_p_x,e_p_y,e_p_z,pdot_x,pdot_y,pdot_z,f_x,f_y,f_z,tau_1,tau_2,tau_3,tau_4,tau_5,tau_6,tau_7
0.000000,0.306833,0.000051,0.486990,0.306833,0.000051,0.486990,0.316833,0.000051,0.486990,0.000000,0.000000,0.000000,0.001119,-0.002695,-0.001385,-0.022375,0.053907,0.027706,0.016547,-3.888570,-0.691156,21.860754,0.776943,2.248886,-0.000001
0.001000,0.306834,0.000050,0.486989,0.306833,0.000051,0.486990,0.316833,0.000051,0.486990,-0.000001,0.000000,0.000001,0.001688,-0.001196,-0.000041,-0.033871,0.023953,0.000901,0.007317,-3.882257,-0.700829,21.846725,0.770670,2.244119,-0.000001
0.002000,0.306836,0.000050,0.486983,0.306833,0.000051,0.486990,0.316833,0.000051,0.486990,-0.000003,0.000000,0.000007,0.001966,-0.000222,-0.002509,-0.039597,0.004483,0.050900,0.001370,-3.898813,-0.706889,21.869621,0.766604,2.247286,-0.000001
0.003000,0.306836,0.000048,0.486978,0.306833,0.000051,0.486990,0.316833,0.000051,0.486990,-0.000003,0.000002,0.000012,0.000944,-0.000150,-0.003028,-0.019153,0.003225,0.061719,0.001007,-3.899183,-0.707040,21.877381,0.766370,2.252520,-0.000002
0.004000,0.306836,0.000047,0.486974,0.306833,0.000051,0.486990,0.316833,0.000051,0.486990,-0.000003,0.000003,0.000016,0.000990,-0.000557,-0.002625,-0.020109,0.011464,0.054131,0.003526,-3.897211,-0.704269,21.873730,0.768114,2.251633,-0.000002
0.005000,0.306835,0.000045,0.486969,0.306833,0.000051,0.486990,0.316833,0.000051,0.486990,-0.000003,0.000005,0.000021,0.001366,-0.002250,-0.000437,-0.027578,0.045522,0.010859,0.013943,-3.885324,-0.693021,21.852344,0.775285,2.246223,-0.000002
0.006000,0.306836,0.000046,0.486965,0.306833,0.000051,0.486990,0.316833,0.000051,0.486990,-0.000004,0.000004,0.000025,0.002618,-0.000620,0.000487,-0.052717,0.012846,-0.007219,0.003886,-3.883897,-0.703559,21.840625,0.768407,2.239324,-0.000002
0.007000,0.306840,0.000047,0.486960,0.306833,0.000051,0.486990,0.316833,0.000051,0.486990,-0.000007,0.000004,0.000031,0.003501,-0.000565,-0.000364,-0.070741,0.011704,0.010336,0.003565,-3.892438,-0.703798,21.846721,0.768169,2.237072,-0.000001
0.008000,0.306847,0.000043,0.486960,0.306833,0.000051,0.486990,0.316833,0.000051,0.486990,-0.000014,0.000008,0.000030,0.005425,-0.001440,0.000942,-0.109897,0.029581,-0.015840,0.009036,-3.890677,-0.697732,21.829464,0.771937,2.226572,-0.000000
0.009000,0.306857,0.000046,0.486965,0.306833,0.000051,0.486990,0.316833,0.000051,0.486990,-0.000024,0.000004,0.000025,0.006825,0.001277,0.003535,-0.138882,-0.025120,-0.068179,-0.007707,-3.879272,-0.715546,21.801248,0.760436,2.215945,0.000001
0.010000,0.306869,0.000042,0.486971,0.306833,0.000051,0.486990,0.316833,0.000051,0.486990,-0.000036,0.000009,0.000019,0.008619,0.001085,0.006147,-0.176020,-0.020823,-0.121018,-0.006411,-3.869108,-0.713875,21.771711,0.761353,2.203567,0.000004
0.011000,0.306882,0.000040,0.486984,0.306833,0.000051,0.486990,0.316833,0.000051,0.486990,-0.000049,0.000010,0.000006,0.009312,0.000877,0.007479,-0.191106,-0.016512,-0.149001,-0.005094,-3.862771,-0.712401,21.756629,0.762258,2.198048,0.000006
0.012000,0.306895,0.000035,0.487002,0.306833,0.000051,0.486990,0.316833,0.000051,0.486990,-0.000062,0.000016,-0.000012,0.011031,-0.000896,0.011149,-0.226869,0.019491,-0.224211,0.005899,-3.845206,-0.700523,21.716645,0.769832,2.184036,0.000009
0.013000,0.306912,0.000031,0.487024,0.306833,0.000051,0.486990,0.316833,0.000051,0.486990,-0.000079,0.000020,-0.000034,0.011478,-0.001892,0.013208,-0.237486,0.039844,-0.267574,0.012084,-3.833478,-0.693697,21.694819,0.774116,2.178138,0.000011
0.014000,0.306932,0.000024,0.487053,0.306833,0.000051,0.486990,0.316833,0.000051,0.486990,-0.000099,0.000027,-0.000063,0.014426,-0.003843,0.018107,-0.298411,0.079523,-0.368426,0.024110,-3.812277,-0.680713,21.639512,0.782452,2.156590,0.000016
0.015000,0.306954,0.000020,0.487084,0.306833,0.000051,0.486990,0.316833,0.000051,0.486990,-0.000121,0.000030,-0.000093,0.016822,-0.003693,0.021369,-0.348572,0.076897,-0.436722,0.023186,-3.799443,-0.681418,21.600930,0.781909,2.140191,0.000021
0.016000,0.306979,0.000019,0.487124,0.306833,0.000051,0.486990,0.316833,0.000051,0.486990,-0.000146,0.000032,-0.000134,0.020299,-0.003853,0.026308,-0.420569,0.080257,-0.539579,0.024033,-3.779609,-0.680431,21.543258,0.782607,2.116155,0.000029
0.017000,0.307006,0.000014,0.487165,0.306833,0.000051,0.486990,0.316833,0.000051,0.486990,-0.000174,0.000037,-0.000175,0.023232,-0.004322,0.030666,-0.482000,0.090152,-0.630855,0.026959,-3.761865,-0.677082,21.492286,0.784687,2.095357,0.000033
0.018000,0.307036,0.000008,0.487214,0.306833,0.000051,0.486990,0.316833,0.000051,0.486990,-0.000204,0.000043,-0.000224,0.025297,-0.004643,0.034349,-0.526300,0.097143,-0.709400,0.028996,-3.745399,-0.674651,21.449387,0.786156,2.079291,0.000036
0.019000,0.307066,0.000002,0.487267,0.306833,0.000051,0.486990,0.316833,0.000051,0.486990,-0.000234,0.000049,-0.000277,0.027105,-0.005012,0.041289,-0.565462,0.105123,-0.853443,0.031346,-3.708813,-0.671983,21.376190,0.787827,2.058431,0.000041
0.020000,0.307102,-0.000004,0.487327,0.306833,0.000051,0.486990,0.316833,0.000051,0.486990,-0.000269,0.000055,-0.000337,0.030167,-0.005190,0.047004,-0.630224,0.109259,-0.973770,0.032535,-3.683325,-0.670523,21.310692,0.788688,2.034314,0.000044
0.021000,0.307138,-0.000007,0.487391,0.306833,0.000051,0.486990,0.316833,0.000051,0.486990,-0.000305,0.000058,-0.000401,0.031943,-0.004562,0.052620,-0.669402,0.097023,-1.092524,0.028795,-3.654683,-0.674314,21.249131,0.786124,2.015679,0.000048
0.025000,0.307304,-0.000030,0.487726,0.306833,0.000051,0.486990,0.316833,0.000051,0.486990,-0.000471,0.000080,-0.000736,0.039762,-0.005542,0.081109,-0.842357,0.118888,-1.695779,0.035284,-3.508164,-0.666803,20.939756,0.790643,1.925919,0.000073
0.026000,0.307349,-0.000037,0.487829,0.306833,0.000051,0.486990,0.316833,0.000051,0.486990,-0.000516,0.000088,-0.000839,0.041656,-0.005330,0.089104,-0.884727,0.115408,-1.865932,0.034457,-3.466333,-0.667420,20.852864,0.789921,1.901796,0.000077
0.027000,0.307395,-0.000045,0.487934,0.306833,0.000051,0.486990,0.316833,0.000051,0.486990,-0.000562,0.000095,-0.000944,0.043391,-0.005818,0.095231,-0.924060,0.125878,-1.998991,0.037387,-3.434971,-0.664257,20.783826,0.792048,1.881654,0.000082
0.028000,0.307442,-0.000048,0.488048,0.306833,0.000051,0.486990,0.316833,0.000051,0.486990,-0.000609,0.000098,-0.001058,0.044062,-0.005100,0.100506,-0.942184,0.111834,-2.115954,0.033076,-3.404959,-0.668683,20.724883,0.789081,1.867408,0.000086
0.029000,0.307492,-0.000054,0.488169,0.306833,0.000051,0.486990,0.316833,0.000051,0.486990,-0.000659,0.000104,-0.001178,0.046105,-0.007252,0.107865,-0.988003,0.155461,-2.275141,0.046373,-3.367949,-0.654702,20.642538,0.798161,1.843437,0.000085
0.030000,0.307545,-0.000057,0.488292,0.306833,0.000051,0.486990,0.316833,0.000051,0.486990,-0.000712,0.000108,-0.001302,0.049464,-0.006366,0.113595,-1.060452,0.138094,-2.402081,0.041037,-3.343208,-0.660234,20.571617,0.794483,1.816885,0.000092
0.031000,0.307598,-0.000061,0.488426,0.306833,0.000051,0.486990,0.316833,0.000051,0.486990,-0.000766,0.000112,-0.001436,0.050680,-0.006046,0.121191,-1.090153,0.132128,-2.567464,0.038964,-3.302606,-0.662359,20.488201,0.793170,1.795647,0.000099
0.032000,0.307654,-0.000065,0.488563,0.306833,0.000051,0.486990,0.316833,0.000051,0.486990,-0.000821,0.000116,-0.001573,0.052471,-0.005815,0.126130,-1.131547,0.127848,-2.679908,0.037515,-3.277726,-0.663803,20.427817,0.792220,1.776865,0.000103
0.033000,0.307716,-0.000070,0.488708,0.306833,0.000051,0.486990,0.316833,0.000051,0.486990,-0.000883,0.000120,-0.001718,0.054684,-0.004886,0.130352,-1.181974,0.109753,-2.778852,0.032625,-3.258015,-0.668573,20.372641,0.788490,1.757473,0.000105
0.034000,0.307780,-0.000074,0.488855,0.306833,0.000051,0.486990,0.316833,0.000051,0.486990,-0.000947,0.000125,-0.001865,0.058127,-0.004993,0.134911,-1.257281,0.112323,-2.884735,0.032925,-3.240321,-0.668155,20.310981,0.788924,1.732224,0.000114
0.035000,0.307847,-0.000078,0.489010,0.306833,0.000051,0.486990,0.316833,0.000051,0.486990,-0.001014,0.000129,-0.002020,0.060554,-0.003975,0.141673,-1.312479,0.092383,-3.035442,0.027246,-3.208441,-0.673741,20.231079,0.784779,1.706955,0.000124
0.036000,0.307922,-0.000081,0.489168,0.306833,0.000051,0.486990,0.316833,0.000051,0.486990,-0.001089,0.000131,-0.002178,0.065272,-0.002877,0.145373,-1.414325,0.070650,-3.125208,0.021027,-3.198371,-0.679761,20.172899,0.780249,1.677688,0.000132
0.037000,0.307997,-0.000082,0.489330,0.306833,0.000051,0.486990,0.316833,0.000051,0.486990,-0.001164,0.000132,-0.002340,0.069481,-0.002492,0.153030,-1.505993,0.063053,-3.294575,0.018663,-3.166845,-0.682094,20.078961,0.778597,1.643007,0.000146
0.038000,0.308076,-0.000083,0.489500,0.306833,0.000051,0.486990,0.316833,0.000051,0.486990,-0.001243,0.000133,-0.002510,0.072293,-0.001733,0.157720,-1.570168,0.047993,-3.405426,0.014641,-3.147469,-0.685921,20.016316,0.775492,1.619566,0.000154
0.039000,0.308159,-0.000085,0.489676,0.306833,0.000051,0.486990,0.316833,0.000051,0.486990,-0.001326,0.000135,-0.002686,0.075633,-0.001100,0.162590,-1.645271,0.035542,-3.520348,0.011283,-3.128410,-0.689050,19.949957,0.772902,1.593445,0.000163
0.040000,0.308243,-0.000085,0.489856,0.306833,0.000051,0.486990,0.316833,0.000051,0.486990,-0.001410,0.000135,-0.002865,0.078313,-0.001347,0.168481,-1.707313,0.040470,-3.656173,0.012638,-3.103074,-0.687644,19.875950,0.773861,1.568042,0.000175
0.041000,0.308333,-0.000086,0.490038,0.306833,0.000051,0.486990,0.316833,0.000051,0.486990,-0.001500,0.000137,-0.003048,0.081646,-0.002025,0.173420,-1.782927,0.054153,-3.773201,0.016828,-3.083942,-0.683214,19.808272,0.776650,1.541567,0.000181
0.042000,0.308425,-0.000084,0.490231,0.306833,0.000051,0.486990,0.316833,0.000051,0.486990,-0.001592,0.000135,-0.003241,0.085451,-0.000897,0.181389,-1.868198,0.031436,-3.951859,0.010553,-3.050549,-0.689432,19.710305,0.771928,1.507188,0.000196
0.043000,0.308519,-0.000083,0.490432,0.306833,0.000051,0.486990,0.316833,0.000051,0.486990,-0.001686,0.000134,-0.003442,0.088365,-0.000532,0.188117,-1.935900,0.024023,-4.106575,0.008450,-3.021822,-0.691495,19.626371,0.770348,1.478727,0.000211
0.044000,0.308614,-0.000081,0.490638,0.306833,0.000051,0.486990,0.316833,0.000051,0.486990,-0.001782,0.000131,-0.003648,0.089875,0.000523,0.192048,-1.975655,0.002654,-4.205724,0.002218,-3.002619,-0.697625,19.571435,0.765883,1.461358,0.000218
0.045000,0.308714,-0.000078,0.490845,0.306833,0.000051,0.486990,0.316833,0.000051,0.486990,-0.001881,0.000129,-0.003855,0.093892,0.000821,0.198777,-2.065950,-0.003527,-4.361054,0.000593,-2.976462,-0.699091,19.483565,0.764558,1.428076,0.000234
0.046000,0.308816,-0.000077,0.491063,0.306833,0.000051,0.486990,0.316833,0.000051,0.486990,-0.001983,0.000127,-0.004073,0.095888,0.000794,0.206893,-2.116089,-0.003149,-4.545170,0.000659,-2.939214,-0.698969,19.388014,0.764571,1.400307,0.000250
0.047000,0.308920,-0.000074,0.491294,0.306833,0.000051,0.486990,0.316833,0.000051,0.486990,-0.002087,0.000125,-0.004304,0.097519,0.001476,0.212276,-2.159099,-0.017050,-4.675912,-0.003253,-2.913673,-0.702801,19.318116,0.761665,1.379166,0.000261
0.048000,0.309027,-0.000072,0.491527,0.306833,0.000051,0.486990,0.316833,0.000051,0.486990,-0.002194,0.000123,-0.004537,0.100344,0.001041,0.220176,-2.226287,-0.008513,-4.857218,-0.001147,-2.879164,-0.700632,19.221068,0.763300,1.348046,0.000279
0.049000,0.309136,-0.000066,0.491771,0.306833,0.000051,0.486990,0.316833,0.000051,0.486990,-0.002303,0.000117,-0.004781,0.102511,0.002766,0.228202,-2.280511,-0.043602,-5.042170,-0.010801,-2.842905,-0.710252,19.124288,0.756070,1.319204,0.000298
0.050000,0.309247,-0.000065,0.492024,0.306833,0.000051,0.486990,0.316833,0.000051,0.486990,-0.002414,0.000115,-0.005033,0.105059,0.002457,0.238389,-2.342555,-0.037620,-5.271138,-0.009230,-2.797921,-0.708779,19.006072,0.757197,1.284365,0.000322
0.051000,0.309362,-0.000057,0.492291,0.306833,0.000051,0.486990,0.316833,0.000051,0.486990,-0.002529,0.000108,-0.005301,0.107660,0.003599,0.248246,-2.406081,-0.061167,-5.495009,-0.015771,-2.754478,-0.715390,18.889670,0.752302,1.249630,0.000348
0.052000,0.309477,-0.000054,0.492565,0.306833,0.000051,0.486990,0.316833,0.000051,0.486990,-0.002644,0.000105,-0.005575,0.108139,0.002786,0.255000,-2.427146,-0.045218,-5.657513,-0.010845,-2.720514,-0.710577,18.807871,0.755553,1.229676,0.000356
0.053000,0.309593,-0.000051,0.492845,0.306833,0.000051,0.486990,0.316833,0.000051,0.486990,-0.002760,0.000101,-0.005855,0.110413,0.002959,0.262785,-2.484229,-0.049067,-5.841167,-0.011697,-2.686743,-0.711376,18.711726,0.754739,1.200138,0.000381
0.054000,0.309714,-0.000047,0.493133,0.306833,0.000051,0.486990,0.316833,0.000051,0.486990,-0.002881,0.000097,-0.006143,0.113301,0.002929,0.269626,-2.554103,-0.048837,-6.006800,-0.011922,-2.658085,-0.711537,18.621608,0.754676,1.169712,0.000405
0.055000,0.309835,-0.000044,0.493432,0.306833,0.000051,0.486990,0.316833,0.000051,0.486990,-0.003002,0.000094,-0.006442,0.116217,0.002859,0.279683,-2.624527,-0.047748,-6.237878,-0.011285,-2.615904,-0.710907,18.501369,0.754860,1.132556,0.000438
0.056000,0.309959,-0.000039,0.493744,0.306833,0.000051,0.486990,0.316833,0.000051,0.486990,-0.003126,0.000090,-0.006754,0.117578,0.002651,0.288641,-2.664181,-0.044010,-6.448183,-0.010059,-2.574961,-0.709843,18.394638,0.755563,1.103722,0.000462
0.057000,0.310085,-0.000037,0.494057,0.306833,0.000051,0.486990,0.316833,0.000051,0.486990,-0.003252,0.000088,-0.007067,0.119245,0.002087,0.294469,-2.710068,-0.032978,-6.596049,-0.006725,-2.547953,-0.706354,18.315988,0.757787,1.079858,0.000480
0.058000,0.310212,-0.000034,0.494377,0.306833,0.000051,0.486990,0.316833,0.000051,0.486990,-0.003379,0.000084,-0.007387,0.121009,0.002888,0.302766,-2.758042,-0.049330,-6.793981,-0.010699,-2.511683,-0.710134,18.214227,0.754480,1.050419,0.000513
0.059000,0.310339,-0.000031,0.494703,0.306833,0.000051,0.486990,0.316833,0.000051,0.486990,-0.003506,0.000081,-0.007713,0.122458,0.002588,0.307716,-2.799790,-0.043627,-6.925644,-0.008875,-2.486976,-0.708212,18.142767,0.755582,1.028947,0.000521
0.060000,0.310467,-0.000030,0.495038,0.306833,0.000051,0.486990,0.316833,0.000051,0.486990,-0.003634,0.000080,-0.008048,0.122522,0.002764,0.314961,-2.813803,-0.047262,-7.103973,-0.010999,-2.449688,-0.710699,18.053140,0.754599,1.008312,0.000541
0.061000,0.310598,-0.000027,0.495387,0.306833,0.000051,0.486990,0.316833,0.000051,0.486990,-0.003765,0.000078,-0.008397,0.124985,0.002738,0.324891,-2.876236,-0.046978,-7.337514,-0.009895,-2.404821,-0.709328,17.929667,0.754631,0.971989,0.000556
0.062000,0.310730,-0.000024,0.495741,0.306833,0.000051,0.486990,0.316833,0.000051,0.486990,-0.003897,0.000075,-0.008751,0.126153,0.003059,0.332927,-2.912741,-0.053721,-7.533592,-0.012094,-2.366958,-0.711814,17.828543,0.753082,0.944760,0.000576
0.063000,0.310865,-0.000023,0.496093,0.306833,0.000051,0.486990,0.316833,0.000051,0.486990,-0.004032,0.000074,-0.009103,0.128352,0.002373,0.339557,-2.970205,-0.040053,-7.701439,-0.008336,-2.337941,-0.707972,17.738191,0.755760,0.916114,0.000598
0.064000,0.311000,-0.000020,0.496459,0.306833,0.000051,0.486990,0.316833,0.000051,0.486990,-0.004167,0.000071,-0.009469,0.130172,0.002866,0.348530,-3.020107,-0.050246,-7.917450,-0.010514,-2.299603,-0.710220,17.626862,0.753647,0.883921,0.000626
0.065000,0.311137,-0.000021,0.496828,0.306833,0.000051,0.486990,0.316833,0.000051,0.486990,-0.004304,0.000071,-0.009838,0.132093,0.001921,0.354860,-3.072263,-0.031263,-8.081031,-0.006128,-2.269615,-0.706035,17.537912,0.757242,0.856668,0.000640
0.066000,0.311276,-0.000022,0.497201,0.306833,0.000051,0.486990,0.316833,0.000051,0.486990,-0.004443,0.000073,-0.010211,0.134145,0.000301,0.362579,-3.127158,0.001284,-8.272669,0.004469,-2.234105,-0.694730,17.434929,0.763936,0.825824,0.000646
0.067000,0.311417,-0.000024,0.497585,0.306833,0.000051,0.486990,0.316833,0.000051,0.486990,-0.004584,0.000075,-0.010595,0.136088,-0.000288,0.367678,-3.180137,0.013207,-8.413065,0.007123,-2.210490,-0.692168,17.357802,0.766153,0.800758,0.000665
0.068000,0.311559,-0.000025,0.497973,0.306833,0.000051,0.486990,0.316833,0.000051,0.486990,-0.004726,0.000076,-0.010983,0.138880,-0.002100,0.374688,-3.250221,0.049609,-8.592089,0.016837,-2.178466,-0.682382,17.258001,0.773335,0.768030,0.000677
0.069000,0.311706,-0.000029,0.498379,0.306833,0.000051,0.486990,0.316833,0.000051,0.486990,-0.004873,0.000079,-0.011389,0.141889,-0.004098,0.385479,-3.325121,0.089902,-8.848441,0.028083,-2.136572,-0.671439,17.123975,0.781342,0.726066,0.000711
0.070000,0.311856,-0.000028,0.498789,0.306833,0.000051,0.486990,0.316833,0.000051,0.486990,-0.005023,0.000079,-0.011799,0.144643,-0.002263,0.392475,-3.395181,0.053146,-9.029429,0.018587,-2.106058,-0.680236,17.024320,0.773841,0.693018,0.000743
0.071000,0.312003,-0.000030,0.499196,0.306833,0.000051,0.486990,0.316833,0.000051,0.486990,-0.005170,0.000080,-0.012206,0.145564,-0.001639,0.399205,-3.428241,0.040814,-9.204694,0.015614,-2.075037,-0.682992,16.933456,0.771276,0.668013,0.000768
0.072000,0.312154,-0.000034,0.499610,0.306833,0.000051,0.486990,0.316833,0.000051,0.486990,-0.005321,0.000084,-0.012620,0.147835,-0.002443,0.404245,-3.488839,0.057274,-9.346941,0.022144,-2.053159,-0.675530,16.854653,0.774792,0.640942,0.000784
0.073000,0.312303,-0.000036,0.500015,0.306833,0.000051,0.486990,0.316833,0.000051,0.486990,-0.005469,0.000087,-0.013025,0.147390,-0.002781,0.405125,-3.494756,0.064327,-9.405018,0.024804,-2.039197,-0.672326,16.820823,0.776237,0.633943,0.000771
0.074000,0.312455,-0.000039,0.500430,0.306833,0.000051,0.486990,0.316833,0.000051,0.486990,-0.005622,0.000089,-0.013440,0.148523,-0.002596,0.408130,-3.532659,0.060847,-9.506591,0.025244,-2.019260,-0.670899,16.761262,0.775619,0.615739,0.000769
0.075000,0.312608,-0.000042,0.500849,0.306833,0.000051,0.486990,0.316833,0.000051,0.486990,-0.005775,0.000093,-0.013859,0.148464,-0.002818,0.407759,-3.546751,0.065615,-9.541039,0.027631,-2.009965,-0.667757,16.736932,0.776651,0.609617,0.000752
0.076000,0.312761,-0.000046,0.501261,0.306833,0.000051,0.486990,0.316833,0.000051,0.486990,-0.005928,0.000096,-0.014271,0.149860,-0.003046,0.409221,-3.590019,0.070554,-9.611498,0.028155,-1.996600,-0.667166,16.691063,0.777383,0.593645,0.000747
0.077000,0.312919,-0.000047,0.501689,0.306833,0.000051,0.486990,0.316833,0.000051,0.486990,-0.006086,0.000098,-0.014699,0.151601,-0.001966,0.412997,-3.640653,0.049070,-9.729862,0.022405,-1.974411,-0.672320,16.620936,0.772884,0.570952,0.000751
0.078000,0.313077,-0.000049,0.502114,0.306833,0.000051,0.486990,0.316833,0.000051,0.486990,-0.006244,0.000100,-0.015124,0.153342,-0.002586,0.417583,-3.691237,0.061678,-9.864095,0.027354,-1.952022,-0.667101,16.545153,0.775443,0.546532,0.000748
0.079000,0.313242,-0.000051,0.502555,0.306833,0.000051,0.486990,0.316833,0.000051,0.486990,-0.006409,0.000102,-0.015565,0.156671,-0.003158,0.425655,-3.774278,0.073341,-10.069560,0.030146,-1.920768,-0.664481,16.431861,0.777513,0.507739,0.000775
0.080000,0.313408,-0.000055,0.503006,0.306833,0.000051,0.486990,0.316833,0.000051,0.486990,-0.006575,0.000106,-0.016015,0.159831,-0.003750,0.432615,-3.854102,0.085602,-10.253838,0.034176,-1.891028,-0.659971,16.327439,0.779867,0.471816,0.000792
0.081000,0.313574,-0.000061,0.503454,0.306833,0.000051,0.486990,0.316833,0.000051,0.486990,-0.006741,0.000112,-0.016464,0.161627,-0.004209,0.440762,-3.906663,0.095388,-10.461624,0.036893,-1.858920,-0.657240,16.218445,0.781663,0.438778,0.000822
0.082000,0.313744,-0.000066,0.503911,0.306833,0.000051,0.486990,0.316833,0.000051,0.486990,-0.006911,0.000116,-0.016921,0.163555,-0.003714,0.446705,-3.962181,0.085921,-10.626211,0.033456,-1.831716,-0.660313,16.127062,0.779459,0.409798,0.000849
0.083000,0.313917,-0.000070,0.504376,0.306833,0.000051,0.486990,0.316833,0.000051,0.486990,-0.007084,0.000121,-0.017386,0.166166,-0.004252,0.454031,-4.031697,0.097139,-10.819226,0.035786,-1.803533,-0.657914,16.022271,0.781467,0.374823,0.000889
0.084000,0.314089,-0.000076,0.504840,0.306833,0.000051,0.486990,0.316833,0.000051,0.486990,-0.007256,0.000126,-0.017850,0.166984,-0.004564,0.461057,-4.065260,0.103894,-11.006145,0.036110,-1.773100,-0.657619,15.924754,0.782496,0.347663,0.000926
0.085000,0.314264,-0.000078,0.505314,0.306833,0.000051,0.486990,0.316833,0.000051,0.486990,-0.007431,0.000129,-0.018324,0.168491,-0.003347,0.465642,-4.112909,0.079800,-11.145260,0.030449,-1.751195,-0.662372,15.847186,0.777604,0.322935,0.000945
0.086000,0.314437,-0.000080,0.505789,0.306833,0.000051,0.486990,0.316833,0.000051,0.486990,-0.007604,0.000131,-0.018799,0.169988,-0.002827,0.469078,-4.160181,0.069643,-11.261426,0.027503,-1.731196,-0.664687,15.778980,0.775373,0.300775,0.000957
0.087000,0.314612,-0.000083,0.506272,0.306833,0.000051,0.486990,0.316833,0.000051,0.486990,-0.007779,0.000134,-0.019282,0.170490,-0.001759,0.472031,-4.187661,0.048545,-11.368823,0.023367,-1.711934,-0.667591,15.718381,0.771225,0.283566,0.000964
0.088000,0.314790,-0.000083,0.506772,0.306833,0.000051,0.486990,0.316833,0.000051,0.486990,-0.007956,0.000134,-0.019782,0.172930,-0.001272,0.480408,-4.254231,0.038821,-11.586405,0.020489,-1.679149,-0.670355,15.601351,0.769008,0.246079,0.001002
0.089000,0.314964,-0.000085,0.507264,0.306833,0.000051,0.486990,0.316833,0.000051,0.486990,-0.008131,0.000136,-0.020274,0.173821,-0.001330,0.484650,-4.289512,0.040218,-11.720402,0.020246,-1.653033,-0.670508,15.524314,0.768959,0.224132,0.000999
0.090000,0.315146,-0.000087,0.507781,0.306833,0.000051,0.486990,0.316833,0.000051,0.486990,-0.008313,0.000138,-0.020791,0.176211,-0.001688,0.494173,-4.355518,0.047523,-11.962508,0.022426,-1.615506,-0.668348,15.394668,0.770173,0.183771,0.001029
0.091000,0.315326,-0.000088,0.508297,0.306833,0.000051,0.486990,0.316833,0.000051,0.486990,-0.008492,0.000139,-0.021307,0.179338,-0.001762,0.503329,-4.435993,0.049124,-12.197266,0.021965,-1.582737,-0.669162,15.268362,0.770105,0.141275,0.001077
0.092000,0.315512,-0.000089,0.508834,0.306833,0.000051,0.486990,0.316833,0.000051,0.486990,-0.008678,0.000140,-0.021844,0.181440,-0.001947,0.513322,-4.496636,0.052892,-12.450848,0.022166,-1.545294,-0.669352,15.135339,0.770483,0.100464,0.001123
0.093000,0.315700,-0.000091,0.509380,0.306833,0.000051,0.486990,0.316833,0.000051,0.486990,-0.008867,0.000141,-0.022390,0.182942,-0.002236,0.521799,-4.545517,0.058854,-12.674935,0.022939,-1.512334,-0.668704,15.018439,0.771375,0.065279,0.001173
0.094000,0.315886,-0.000092,0.509905,0.306833,0.000051,0.486990,0.316833,0.000051,0.486990,-0.009052,0.000142,-0.022915,0.183629,-0.002355,0.524357,-4.577835,0.061314,-12.778598,0.024187,-1.499380,-0.666947,14.962883,0.771912,0.047259,0.001205
0.095000,0.316074,-0.000097,0.510435,0.306833,0.000051,0.486990,0.316833,0.000051,0.486990,-0.009241,0.000148,-0.023445,0.185385,-0.003891,0.525267,-4.631776,0.092606,-12.849832,0.031454,-1.487650,-0.659102,14.915448,0.777960,0.028549,0.001221
0.096000,0.316259,-0.000100,0.510974,0.306833,0.000051,0.486990,0.316833,0.000051,0.486990,-0.009425,0.000151,-0.023984,0.183603,-0.002879,0.527437,-4.614600,0.072678,-12.947135,0.028496,-1.465780,-0.660721,14.864718,0.774182,0.020957,0.001210
0.097000,0.316441,-0.000100,0.511501,0.306833,0.000051,0.486990,0.316833,0.000051,0.486990,-0.009608,0.000151,-0.024511,0.183084,-0.001931,0.527382,-4.622465,0.053708,-12.998727,0.022299,-1.448741,-0.666333,14.828617,0.770038,0.013552,0.001191
0.098000,0.316625,-0.000100,0.512049,0.306833,0.000051,0.486990,0.316833,0.000051,0.486990,-0.009792,0.000150,-0.025059,0.182432,-0.000688,0.533116,-4.627835,0.028809,-13.168180,0.017176,-1.417246,-0.670702,14.739732,0.765012,-0.007035,0.001191
0.099000,0.316811,-0.000095,0.512597,0.306833,0.000051,0.486990,0.316833,0.000051,0.486990,-0.009977,0.000145,-0.025607,0.182988,0.000530,0.538377,-4.657503,0.003920,-13.328243,0.010619,-1.389308,-0.677075,14.651932,0.759756,-0.031438,0.001198
0.100000,0.316998,-0.000090,0.513154,0.306833,0.000051,0.486990,0.316833,0.000051,0.486990,-0.010165,0.000141,-0.026164,0.183036,0.001999,0.543398,-4.677180,-0.025888,-13.484384,0.004461,-1.362306,-0.682579,14.568117,0.753771,-0.053442,0.001200
0.101000,0.317188,-0.000085,0.513727,0.306833,0.000051,0.486990,0.316833,0.000051,0.486990,-0.010355,0.000136,-0.026737,0.184283,0.002896,0.552623,-4.721134,-0.044313,-13.726161,0.001578,-1.328050,-0.685064,14.443103,0.750087,-0.090350,0.001237
0.102000,0.317374,-0.000082,0.514288,0.306833,0.000051,0.486990,0.316833,0.000051,0.486990,-0.010541,0.000132,-0.027298,0.184164,0.003111,0.556408,-4.737333,-0.048982,-13.857967,0.000698,-1.303698,-0.685506,14.370764,0.749011,-0.108957,0.001243
0.103000,0.317562,-0.000084,0.514857,0.306833,0.000051,0.486990,0.316833,0.000051,0.486990,-0.010729,0.000134,-0.027867,0.184573,0.001379,0.560228,-4.764340,-0.014162,-13.991210,0.010270,-1.282580,-0.675666,14.298564,0.755908,-0.129849,0.001261
0.104000,0.317751,-0.000090,0.515433,0.306833,0.000051,0.486990,0.316833,0.000051,0.486990,-0.010918,0.000141,-0.028443,0.185318,-0.001006,0.568198,-4.798130,0.034168,-14.208222,0.025047,-1.251061,-0.660257,14.186411,0.765699,-0.162097,0.001296
0.105000,0.317939,-0.000093,0.516008,0.306833,0.000051,0.486990,0.316833,0.000051,0.486990,-0.011105,0.000143,-0.029018,0.184717,-0.001355,0.570641,-4.804866,0.041425,-14.314647,0.027843,-1.231429,-0.656751,14.128927,0.767196,-0.175928,0.001306
0.106000,0.318131,-0.000096,0.516597,0.306833,0.000051,0.486990,0.316833,0.000051,0.486990,-0.011298,0.000147,-0.029607,0.186443,-0.001775,0.574778,-4.858609,0.050174,-14.456253,0.028019,-1.206961,-0.656339,14.045746,0.768462,-0.203390,0.001335
0.107000,0.318323,-0.000097,0.517181,0.306833,0.000051,0.486990,0.316833,0.000051,0.486990,-0.011490,0.000148,-0.030191,0.188163,-0.001395,0.583542,-4.912255,0.042667,-14.689961,0.027949,-1.171767,-0.655810,13.919506,0.766881,-0.241949,0.001354
0.108000,0.318517,-0.000096,0.517786,0.306833,0.000051,0.486990,0.316833,0.000051,0.486990,-0.011684,0.000147,-0.030796,0.190056,-0.000679,0.592942,-4.969528,0.028278,-14.938400,0.024133,-1.134867,-0.659683,13.785586,0.763616,-0.283119,0.001384
0.109000,0.318711,-0.000092,0.518388,0.306833,0.000051,0.486990,0.316833,0.000051,0.486990,-0.011877,0.000143,-0.031398,0.191431,0.000621,0.599689,-5.016363,0.001892,-15.133615,0.019041,-1.102126,-0.663938,13.676362,0.758231,-0.315990,0.001389
0.110000,0.318909,-0.000090,0.519011,0.306833,0.000051,0.486990,0.316833,0.000051,0.486990,-0.012075,0.000140,-0.032021,0.192253,0.000545,0.610116,-5.052601,0.003128,-15.404400,0.020291,-1.062109,-0.663029,13.534775,0.758164,-0.355992,0.001409
0.111000,0.319103,-0.000087,0.519629,0.306833,0.000051,0.486990,0.316833,0.000051,0.486990,-0.012270,0.000138,-0.032639,0.191667,0.001129,0.611974,-5.060326,-0.008786,-15.503409,0.018328,-1.043190,-0.664538,13.479890,0.755760,-0.369504,0.001407
0.112000,0.319299,-0.000089,0.520236,0.306833,0.000051,0.486990,0.316833,0.000051,0.486990,-0.012466,0.000139,-0.033246,0.192962,0.000239,0.613620,-5.105831,0.009162,-15.597001,0.023114,-1.028220,-0.659012,13.423067,0.759251,-0.389803,0.001430
0.113000,0.319497,-0.000091,0.520842,0.306834,0.000051,0.486990,0.316833,0.000051,0.486990,-0.012663,0.000142,-0.033852,0.193582,-0.000878,0.610892,-5.137957,0.031734,-15.603012,0.029331,-1.022978,-0.651932,13.409166,0.763760,-0.396783,0.001425
0.114000,0.319696,-0.000096,0.521459,0.306834,0.000051,0.486990,0.316833,0.000051,0.486990,-0.012862,0.000147,-0.034468,0.193411,-0.001979,0.610718,-5.154459,0.054296,-15.661210,0.034196,-1.007727,-0.646654,13.370499,0.767998,-0.407166,0.001423
0.115000,0.319896,-0.000100,0.522069,0.306834,0.000051,0.486990,0.316833,0.000051,0.486990,-0.013063,0.000151,-0.035079,0.196663,-0.003988,0.612563,-5.239533,0.094855,-15.759149,0.045231,-0.990548,-0.633284,13.302539,0.776064,-0.435955,0.001460
0.116000,0.320098,-0.000102,0.522699,0.306834,0.000051,0.486990,0.316833,0.000051,0.486990,-0.013264,0.000153,-0.035709,0.198040,-0.003318,0.618464,-5.287250,0.081665,-15.940165,0.041504,-0.959273,-0.636931,13.198460,0.772965,-0.467722,0.001459
0.117000,0.320300,-0.000100,0.523317,0.306834,0.000051,0.486990,0.316833,0.000051,0.486990,-0.013466,0.000151,-0.036327,0.199795,-0.001798,0.624406,-5.342507,0.051050,-16.120846,0.030741,-0.931298,-0.647970,13.095272,0.766093,-0.500950,0.001486
0.118000,0.320507,-0.000102,0.523952,0.306834,0.000051,0.486990,0.316833,0.000051,0.486990,-0.013673,0.000153,-0.036961,0.201533,-0.000218,0.631007,-5.397998,0.019632,-16.316281,0.021149,-0.901472,-0.656952,12.984959,0.759290,-0.536132,0.001522
0.119000,0.320714,-0.000100,0.524597,0.306834,0.000051,0.486990,0.316833,0.000051,0.486990,-0.013881,0.000151,-0.037607,0.203434,0.000435,0.635077,-5.456739,0.006398,-16.462251,0.019210,-0.877645,-0.658207,12.897649,0.756477,-0.565906,0.001520
0.120000,0.320917,-0.000103,0.525229,0.306834,0.000051,0.486990,0.316833,0.000051,0.486990,-0.014084,0.000154,-0.038239,0.203231,-0.000694,0.635672,-5.473005,0.029295,-16.537367,0.024998,-0.862517,-0.652195,12.851866,0.760826,-0.578486,0.001514
0.121000,0.321121,-0.000105,0.525879,0.306834,0.000051,0.486990,0.316833,0.000051,0.486990,-0.014287,0.000155,-0.038888,0.200984,-0.000835,0.640739,-5.448370,0.032227,-16.703625,0.028840,-0.836113,-0.647823,12.770377,0.761660,-0.594375,0.001515
0.122000,0.321321,-0.000108,0.526520,0.306834,0.000051,0.486990,0.316833,0.000051,0.486990,-0.014487,0.000159,-0.039530,0.201302,-0.001468,0.644173,-5.474781,0.045231,-16.836421,0.032833,-0.816985,-0.643454,12.698056,0.764154,-0.616143,0.001535
0.123000,0.321527,-0.000113,0.527179,0.306834,0.000051,0.486990,0.316833,0.000051,0.486990,-0.014693,0.000164,-0.040189,0.201797,-0.002132,0.648039,-5.505289,0.059042,-16.979689,0.036726,-0.790448,-0.638482,12.614785,0.766702,-0.640286,0.001546
0.124000,0.321733,-0.000114,0.527857,0.306834,0.000051,0.486990,0.316833,0.000051,0.486990,-0.014899,0.000165,-0.040867,0.201821,-0.001552,0.654927,-5.526345,0.047530,-17.185235,0.034706,-0.758114,-0.640024,12.504954,0.764212,-0.670418,0.001564
0.125000,0.321939,-0.000115,0.528535,0.306834,0.000051,0.486990,0.316833,0.000051,0.486990,-0.015105,0.000166,-0.041545,0.202459,-0.001087,0.665528,-5.559727,0.038340,-17.465102,0.030908,-0.720475,-0.644408,12.359611,0.761765,-0.712412,0.001611
0.126000,0.322145,-0.000115,0.529216,0.306834,0.000051,0.486990,0.316833,0.000051,0.486990,-0.015311,0.000166,-0.042226,0.203157,-0.000943,0.668072,-5.594221,0.035436,-17.584074,0.029922,-0.699735,-0.644816,12.289707,0.760916,-0.734400,0.001626
0.127000,0.322345,-0.000115,0.529884,0.306834,0.000051,0.486990,0.316833,0.000051,0.486990,-0.015511,0.000166,-0.042894,0.201947,-0.000692,0.669845,-5.590074,0.030395,-17.686284,0.029855,-0.680681,-0.644110,12.234551,0.759949,-0.746702,0.001631
0.128000,0.322546,-0.000120,0.530554,0.306834,0.000051,0.486990,0.316833,0.000051,0.486990,-0.015713,0.000170,-0.043563,0.201038,-0.001868,0.669830,-5.592028,0.054402,-17.752947,0.035188,-0.666882,-0.638317,12.196186,0.764540,-0.755653,0.001643
0.129000,0.322746,-0.000123,0.531232,0.306834,0.000051,0.486990,0.316833,0.000051,0.486990,-0.015912,0.000174,-0.044242,0.201041,-0.002079,0.669035,-5.612067,0.058973,-17.804903,0.036121,-0.647717,-0.636732,12.155537,0.765121,-0.766559,0.001612
0.130000,0.322939,-0.000125,0.531906,0.306834,0.000051,0.486990,0.316833,0.000051,0.486990,-0.016106,0.000176,-0.044916,0.197766,-0.001599,0.672346,-5.565882,0.049532,-17.938481,0.035627,-0.619715,-0.636923,12.088143,0.763238,-0.774880,0.001584
0.131000,0.323138,-0.000124,0.532596,0.306834,0.000051,0.486990,0.316833,0.000051,0.486990,-0.016304,0.000175,-0.045606,0.195527,-0.002478,0.676407,-5.540932,0.067065,-18.088726,0.040963,-0.586144,-0.629840,12.005909,0.766611,-0.789695,0.001589
0.132000,0.323333,-0.000119,0.533292,0.306834,0.000051,0.486990,0.316833,0.000051,0.486990,-0.016500,0.000170,-0.046302,0.193837,0.000220,0.678812,-5.526698,0.012593,-18.206480,0.025723,-0.558079,-0.645525,11.938374,0.755178,-0.802475,0.001558
0.133000,0.323528,-0.000115,0.533978,0.306834,0.000051,0.486990,0.316833,0.000051,0.486990,-0.016694,0.000166,-0.046988,0.193218,0.002073,0.679847,-5.533750,-0.024855,-18.295705,0.015094,-0.538444,-0.656453,11.884914,0.747265,-0.815612,0.001541
0.134000,0.323727,-0.000115,0.534674,0.306834,0.000051,0.486990,0.316833,0.000051,0.486990,-0.016893,0.000166,-0.047684,0.193870,0.000446,0.684302,-5.566682,0.007636,-18.454435,0.022191,-0.511840,-0.649564,11.794410,0.753184,-0.842799,0.001551
0.135000,0.323919,-0.000114,0.535355,0.306834,0.000051,0.486990,0.316833,0.000051,0.486990,-0.017085,0.000165,-0.048365,0.194407,0.000565,0.685661,-5.596645,0.005182,-18.549703,0.021649,-0.493658,-0.649056,11.736040,0.752504,-0.861184,0.001565
0.136000,0.324116,-0.000119,0.536067,0.306834,0.000051,0.486990,0.316833,0.000051,0.486990,-0.017282,0.000169,-0.049077,0.194164,-0.001476,0.692613,-5.611498,0.046476,-18.759963,0.035019,-0.462416,-0.634675,11.625335,0.760795,-0.891586,0.001586
0.137000,0.324310,-0.000122,0.536774,0.306834,0.000051,0.486990,0.316833,0.000051,0.486990,-0.017476,0.000172,-0.049784,0.193620,-0.001360,0.694454,-5.619991,0.044439,-18.867493,0.035014,-0.439841,-0.633673,11.562639,0.760246,-0.907562,0.001590
0.138000,0.324506,-0.000127,0.537495,0.306834,0.000051,0.486990,0.316833,0.000051,0.486990,-0.017672,0.000177,-0.050505,0.194456,-0.004096,0.706781,-5.656319,0.099645,-19.186111,0.050350,-0.401713,-0.616534,11.400245,0.771187,-0.956315,0.001695
0.139000,0.324702,-0.000126,0.538230,0.306834,0.000051,0.486990,0.316833,0.000051,0.486990,-0.017868,0.000177,-0.051240,0.193478,-0.003256,0.712144,-5.656324,0.082782,-19.366845,0.047095,-0.368289,-0.619733,11.300994,0.767535,-0.980537,0.001678
0.140000,0.324892,-0.000124,0.538956,0.306834,0.000051,0.486990,0.316833,0.000051,0.486990,-0.018057,0.000175,-0.051966,0.192023,-0.001843,0.719803,-5.646200,0.054347,-19.592633,0.039761,-0.335519,-0.627557,11.186410,0.761489,-1.008613,0.001699
0.141000,0.325082,-0.000122,0.539684,0.306834,0.000051,0.486990,0.316833,0.000051,0.486990,-0.018247,0.000173,-0.052694,0.192198,-0.000562,0.725152,-5.668691,0.028499,-19.772471,0.034389,-0.314411,-0.632523,11.094241,0.756335,-1.036800,0.001747
0.142000,0.325269,-0.000121,0.540411,0.306834,0.000051,0.486990,0.316833,0.000051,0.486990,-0.018435,0.000171,-0.053421,0.188897,0.001835,0.721532,-5.621455,-0.019556,-19.772736,0.020610,-0.298896,-0.647548,11.089191,0.746327,-1.028207,0.001678
0.143000,0.325452,-0.000123,0.541123,0.306834,0.000051,0.486990,0.316833,0.000051,0.486990,-0.018617,0.000173,-0.054133,0.185787,-0.000559,0.720320,-5.577479,0.028535,-19.819727,0.030941,-0.275943,-0.637148,11.058793,0.755433,-1.026485,0.001646
0.144000,0.325633,-0.000125,0.541860,0.306834,0.000051,0.486990,0.316833,0.000051,0.486990,-0.018798,0.000175,-0.054870,0.182464,-0.000603,0.724191,-5.529132,0.029607,-19.970805,0.036345,-0.243408,-0.630549,10.979930,0.755989,-1.037764,0.001600
0.145000,0.325811,-0.000123,0.542596,0.306834,0.000051,0.486990,0.316833,0.000051,0.486990,-0.018977,0.000173,-0.055606,0.182305,0.000216,0.734280,-5.543811,0.013019,-20.246182,0.031783,-0.198066,-0.635163,10.829553,0.751982,-1.078015,0.001602
0.146000,0.325993,-0.000119,0.543339,0.306834,0.000051,0.486990,0.316833,0.000051,0.486990,-0.019159,0.000170,-0.056349,0.180242,0.001410,0.735755,-5.520715,-0.011201,-20.350003,0.023108,-0.171538,-0.644134,10.769976,0.746496,-1.088018,0.001593
0.147000,0.326179,-0.000116,0.544096,0.306834,0.000051,0.486990,0.316833,0.000051,0.486990,-0.019344,0.000166,-0.057106,0.181624,0.001768,0.738694,-5.566913,-0.018733,-20.484510,0.019483,-0.146283,-0.647395,10.687771,0.744354,-1.115448,0.001610
0.148000,0.326363,-0.000113,0.544834,0.306834,0.000051,0.486990,0.316833,0.000051,0.486990,-0.019529,0.000163,-0.057844,0.181954,0.002068,0.740142,-5.591978,-0.025031,-20.587199,0.017739,-0.126792,-0.648215,10.626550,0.742862,-1.134442,0.001633
0.149000,0.326550,-0.000117,0.545585,0.306834,0.000051,0.486990,0.316833,0.000051,0.486990,-0.019715,0.000167,-0.058595,0.183817,-0.000047,0.745242,-5.647861,0.017683,-20.764292,0.030682,-0.102066,-0.633922,10.525884,0.751251,-1.169390,0.001661
0.150000,0.326735,-0.000120,0.546348,0.306834,0.000051,0.486990,0.316833,0.000051,0.486990,-0.019901,0.000171,-0.059358,0.183502,-0.001081,0.749398,-5.660144,0.038680,-20.923712,0.039264,-0.079438,-0.624052,10.441877,0.755631,-1.193552,0.001686
0.151000,0.326921,-0.000126,0.547108,0.306834,0.000051,0.486990,0.316833,0.000051,0.486990,-0.020087,0.000177,-0.060118,0.183718,-0.002456,0.756847,-5.683022,0.066775,-21.148751,0.048053,-0.045944,-0.614348,10.319630,0.760948,-1.228977,0.001703
0.152000,0.327111,-0.000126,0.547894,0.306834,0.000051,0.486990,0.316833,0.000051,0.486990,-0.020277,0.000177,-0.060904,0.185871,-0.001379,0.766240,-5.745076,0.045246,-21.415155,0.042426,-0.010222,-0.619376,10.172179,0.756107,-1.277694,0.001754
0.153000,0.327299,-0.000128,0.548652,0.306834,0.000051,0.486990,0.316833,0.000051,0.486990,-0.020465,0.000178,-0.061662,0.185571,-0.002236,0.765830,-5.757886,0.062549,-21.482785,0.045510,0.012177,-0.615503,10.124326,0.759082,-1.290097,0.001745
0.154000,0.327487,-0.000131,0.549415,0.306834,0.000051,0.486990,0.316833,0.000051,0.486990,-0.020653,0.000182,-0.062425,0.185842,-0.002387,0.763105,-5.782088,0.065917,-21.504588,0.045480,0.022665,-0.614160,10.103813,0.759595,-1.298096,0.001771
0.155000,0.327673,-0.000134,0.550177,0.306835,0.000051,0.486990,0.316833,0.000051,0.486990,-0.020838,0.000185,-0.063186,0.185324,-0.002349,0.758235,-5.790310,0.065476,-21.483346,0.046043,0.036317,-0.611544,10.100122,0.759542,-1.297479,0.001755
0.156000,0.327855,-0.000136,0.550924,0.306835,0.000051,0.486990,0.316833,0.000051,0.486990,-0.021020,0.000187,-0.063934,0.185066,-0.001924,0.757405,-5.803365,0.057177,-21.541517,0.042167,0.059322,-0.614758,10.054293,0.757269,-1.308764,0.001729
0.157000,0.328035,-0.000134,0.551687,0.306835,0.000051,0.486990,0.316833,0.000051,0.486990,-0.021201,0.000185,-0.064697,0.182584,0.001408,0.754575,-5.771781,-0.009677,-21.561196,0.021921,0.086886,-0.634461,10.027192,0.743176,-1.306582,0.001681
0.158000,0.328210,-0.000133,0.552444,0.306835,0.000051,0.486990,0.316833,0.000051,0.486990,-0.021376,0.000184,-0.065453,0.179148,0.001434,0.756054,-5.720553,-0.010323,-21.666415,0.024216,0.117744,-0.631787,9.966506,0.742922,-1.312089,0.001616
0.159000,0.328389,-0.000136,0.553212,0.306835,0.000051,0.486990,0.316833,0.000051,0.486990,-0.021554,0.000186,-0.066222,0.178221,0.002464,0.758645,-5.719836,-0.030649,-21.795063,0.017926,0.146846,-0.639287,9.889016,0.738098,-1.330456,0.001557
0.160000,0.328567,-0.000134,0.553987,0.306835,0.000051,0.486990,0.316833,0.000051,0.486990,-0.021733,0.000185,-0.066997,0.176407,0.002554,0.758686,-5.701406,-0.032619,-21.873390,0.018220,0.167184,-0.637871,9.843737,0.737637,-1.338283,0.001562
0.161000,0.328745,-0.000140,0.554746,0.306835,0.000051,0.486990,0.316833,0.000051,0.486990,-0.021910,0.000191,-0.067756,0.176380,0.000061,0.761221,-5.718628,0.017881,-22.000017,0.032514,0.185158,-0.622664,9.774783,0.747583,-1.359313,0.001579
0.162000,0.328925,-0.000141,0.555516,0.306835,0.000051,0.486990,0.316833,0.000051,0.486990,-0.022091,0.000192,-0.068526,0.176583,0.000227,0.764532,-5.740711,0.014641,-22.143236,0.032312,0.210096,-0.622095,9.691736,0.746595,-1.383945,0.001585
0.163000,0.329105,-0.000146,0.556298,0.306835,0.000051,0.486990,0.316833,0.000051,0.486990,-0.022270,0.000196,-0.069308,0.177004,-0.000893,0.772613,-5.767055,0.037509,-22.383075,0.039151,0.244132,-0.614416,9.561411,0.750706,-1.422852,0.001609
0.164000,0.329287,-0.000148,0.557096,0.306835,0.000051,0.486990,0.316833,0.000051,0.486990,-0.022452,0.000199,-0.070106,0.178552,-0.000630,0.782344,-5.816234,0.032467,-22.657501,0.038673,0.284266,-0.613555,9.407397,0.749138,-1.471294,0.001645
0.165000,0.329464,-0.000153,0.557900,0.306835,0.000051,0.486990,0.316833,0.000051,0.486990,-0.022630,0.000204,-0.070910,0.178221,-0.001677,0.787544,-5.827373,0.053945,-22.841850,0.043965,0.312267,-0.607298,9.307554,0.753005,-1.499740,0.001679
0.166000,0.329642,-0.000160,0.558671,0.306835,0.000051,0.486990,0.316833,0.000051,0.486990,-0.022807,0.000211,-0.071680,0.175622,-0.004071,0.782497,-5.793120,0.102496,-22.817982,0.055250,0.324679,-0.594144,9.313040,0.762572,-1.490558,0.001679
0.167000,0.329818,-0.000169,0.559447,0.306835,0.000051,0.486990,0.316833,0.000051,0.486990,-0.022983,0.000220,-0.072457,0.174934,-0.005742,0.780130,-5.797014,0.136799,-22.848321,0.063446,0.342454,-0.584408,9.284791,0.769099,-1.496352,0.001667
0.168000,0.329990,-0.000171,0.560241,0.306835,0.000051,0.486990,0.316833,0.000051,0.486990,-0.023155,0.000222,-0.073251,0.170879,-0.005992,0.779100,-5.733117,0.142004,-22.907064,0.067647,0.368426,-0.577290,9.249803,0.770465,-1.493362,0.001667
0.169000,0.330159,-0.000169,0.561023,0.306835,0.000051,0.486990,0.316833,0.000051,0.486990,-0.023324,0.000219,-0.074033,0.169523,-0.003663,0.782251,-5.722885,0.095191,-23.048339,0.055184,0.403067,-0.590150,9.162760,0.760400,-1.512425,0.001615
0.170000,0.330321,-0.000167,0.561823,0.306835,0.000051,0.486990,0.316833,0.000051,0.486990,-0.023486,0.000218,-0.074833,0.165175,-0.001330,0.788586,-5.652077,0.048402,-23.255047,0.043099,0.443655,-0.602926,9.054780,0.750455,-1.529108,0.001581
0.171000,0.330485,-0.000171,0.562619,0.306835,0.000051,0.486990,0.316833,0.000051,0.486990,-0.023650,0.000222,-0.075629,0.163716,-0.001519,0.792994,-5.639347,0.052545,-23.422799,0.045665,0.476253,-0.599562,8.960055,0.750937,-1.551307,0.001562
0.172000,0.330648,-0.000166,0.563416,0.306835,0.000051,0.486990,0.316833,0.000051,0.486990,-0.023813,0.000217,-0.076425,0.161885,0.000761,0.793760,-5.619008,0.006467,-23.517741,0.034949,0.498064,-0.610068,8.906111,0.741594,-1.561550,0.001552
0.173000,0.330813,-0.000168,0.564228,0.306835,0.000051,0.486990,0.316833,0.000051,0.486990,-0.023977,0.000219,-0.077238,0.160521,-0.000883,0.796192,-5.608162,0.039568,-23.647640,0.043452,0.524403,-0.600927,8.832858,0.747798,-1.578682,0.001547
0.174000,0.330971,-0.000171,0.565015,0.306835,0.000051,0.486990,0.316833,0.000051,0.486990,-0.024136,0.000222,-0.078025,0.158837,-0.002084,0.793177,-5.590339,0.063827,-23.666009,0.046832,0.544036,-0.597157,8.811154,0.751892,-1.578811,0.001514
0.175000,0.331135,-0.000177,0.565849,0.306835,0.000051,0.486990,0.316833,0.000051,0.486990,-0.024300,0.000228,-0.078859,0.159610,-0.005215,0.808509,-5.622192,0.127102,-24.056051,0.066366,0.592161,-0.574619,8.605137,0.764199,-1.641224,0.001595
0.176000,0.331291,-0.000180,0.566665,0.306835,0.000051,0.486990,0.316833,0.000051,0.486990,-0.024456,0.000231,-0.079675,0.158364,-0.004095,0.817782,-5.612865,0.104978,-24.323130,0.061820,0.628924,-0.579252,8.465186,0.759310,-1.678467,0.001606
0.177000,0.331449,-0.000185,0.567483,0.306835,0.000051,0.486990,0.316833,0.000051,0.486990,-0.024614,0.000236,-0.080493,0.158173,-0.004983,0.818128,-5.624853,0.123271,-24.411891,0.068711,0.647007,-0.570847,8.412718,0.762974,-1.694008,0.001611
0.178000,0.331602,-0.000191,0.568294,0.306835,0.000051,0.486990,0.316833,0.000051,0.486990,-0.024767,0.000241,-0.081304,0.156389,-0.006019,0.812553,-5.604477,0.144530,-24.381414,0.071012,0.659092,-0.567167,8.420240,0.766829,-1.686418,0.001626
0.179000,0.331754,-0.000192,0.569082,0.306835,0.000051,0.486990,0.316833,0.000051,0.486990,-0.024919,0.000243,-0.082091,0.154310,-0.004008,0.807993,-5.578086,0.104412,-24.369013,0.059790,0.675469,-0.577802,8.415592,0.758544,-1.680515,0.001600
0.180000,0.331901,-0.000192,0.569901,0.306835,0.000051,0.486990,0.316833,0.000051,0.486990,-0.025066,0.000243,-0.082911,0.150218,-0.002136,0.811194,-5.510951,0.067003,-24.515000,0.050374,0.714406,-0.587424,8.331922,0.750482,-1.690223,0.001544
0.181000,0.332041,-0.000191,0.570725,0.306835,0.000051,0.486990,0.316833,0.000051,0.486990,-0.025206,0.000241,-0.083735,0.145964,-0.001474,0.811677,-5.439874,0.053603,-24.607008,0.046457,0.750506,-0.591674,8.273712,0.747113,-1.691517,0.001464
0.182000,0.332174,-0.000183,0.571533,0.306836,0.000051,0.486990,0.316833,0.000051,0.486990,-0.025339,0.000234,-0.084543,0.140521,0.001796,0.815057,-5.344308,-0.012518,-24.755465,0.030537,0.791075,-0.608101,8.191548,0.733489,-1.696322,0.001408
0.183000,0.332307,-0.000180,0.572350,0.306836,0.000051,0.486990,0.316833,0.000051,0.486990,-0.025472,0.000231,-0.085360,0.137717,0.002361,0.812377,-5.301504,-0.024136,-24.783515,0.027494,0.815291,-0.610378,8.166419,0.730827,-1.693314,0.001374
0.184000,0.332443,-0.000179,0.573163,0.306836,0.000051,0.486990,0.316833,0.000051,0.486990,-0.025608,0.000230,-0.086173,0.136512,0.001846,0.815930,-5.291007,-0.013920,-24.935928,0.032132,0.842152,-0.604411,8.082778,0.732763,-1.714064,0.001391
0.185000,0.332578,-0.000180,0.573985,0.306836,0.000051,0.486990,0.316833,0.000051,0.486990,-0.025742,0.000230,-0.086995,0.137160,0.000045,0.814653,-5.317412,0.022149,-24.992557,0.040725,0.860515,-0.594606,8.040574,0.739495,-1.727876,0.001385
0.186000,0.332715,-0.000181,0.574856,0.306836,0.000051,0.486990,0.316833,0.000051,0.486990,-0.025879,0.000232,-0.087866,0.136543,-0.000403,0.828875,-5.318807,0.031214,-25.364102,0.045896,0.904337,-0.589180,7.850009,0.740883,-1.782979,0.001417
0.187000,0.332843,-0.000180,0.575687,0.306836,0.000051,0.486990,0.316833,0.000051,0.486990,-0.026007,0.000231,-0.088697,0.132445,-0.002046,0.831697,-5.249583,0.064004,-25.503585,0.057990,0.934755,-0.576195,7.777588,0.747488,-1.791205,0.001370
0.188000,0.332975,-0.000186,0.576538,0.306836,0.000051,0.486990,0.316833,0.000051,0.486990,-0.026139,0.000237,-0.089548,0.133018,-0.003643,0.841612,-5.274225,0.096568,-25.787041,0.064681,0.960626,-0.568198,7.636417,0.753503,-1.837379,0.001497
0.189000,0.333105,-0.000199,0.577355,0.306836,0.000051,0.486990,0.316833,0.000051,0.486990,-0.026269,0.000249,-0.090365,0.131049,-0.006750,0.832890,-5.247876,0.159948,-25.694328,0.081926,0.972691,-0.547118,7.671841,0.766446,-1.819632,0.001495
0.190000,0.333238,-0.000204,0.578182,0.306836,0.000051,0.486990,0.316833,0.000051,0.486990,-0.026402,0.000255,-0.091192,0.131340,-0.006009,0.827566,-5.266977,0.145683,-25.670496,0.075728,0.989821,-0.552043,7.665094,0.763014,-1.820707,0.001490
0.191000,0.333368,-0.000202,0.579033,0.306836,0.000051,0.486990,0.316833,0.000051,0.486990,-0.026532,0.000253,-0.092043,0.129576,-0.001167,0.828324,-5.244743,0.048637,-25.770823,0.043717,1.028450,-0.586441,7.592372,0.741804,-1.833113,0.001438
0.192000,0.333492,-0.000196,0.579859,0.306836,0.000051,0.486990,0.316833,0.000051,0.486990,-0.026656,0.000247,-0.092869,0.127046,0.001971,0.830020,-5.206521,-0.014714,-25.887261,0.027334,1.067322,-0.603795,7.513931,0.728212,-1.844808,0.001347
0.193000,0.333614,-0.000190,0.580699,0.306836,0.000051,0.486990,0.316833,0.000051,0.486990,-0.026778,0.000241,-0.093708,0.123056,0.005433,0.829197,-5.138957,-0.084572,-25.954790,0.005417,1.102838,-0.628151,7.463665,0.712905,-1.843796,0.001238
0.194000,0.333735,-0.000189,0.581519,0.306836,0.000051,0.486990,0.316833,0.000051,0.486990,-0.026899,0.000240,-0.094528,0.122844,0.003808,0.826511,-5.146774,-0.052199,-25.983060,0.017913,1.126822,-0.612353,7.429699,0.719477,-1.850582,0.001215
0.195000,0.333857,-0.000190,0.582355,0.306836,0.000051,0.486990,0.316833,0.000051,0.486990,-0.027021,0.000240,-0.095365,0.122121,0.002070,0.825184,-5.144468,-0.017345,-26.040138,0.031457,1.151861,-0.595759,7.384740,0.726646,-1.859645,0.001200
0.196000,0.333976,-0.000192,0.583212,0.306836,0.000051,0.486990,0.316833,0.000051,0.486990,-0.027140,0.000243,-0.096222,0.122244,-0.001243,0.829822,-5.158866,0.049170,-26.218660,0.055930,1.185677,-0.567792,7.279417,0.740282,-1.889814,0.001185
0.197000,0.334096,-0.000191,0.584062,0.306836,0.000051,0.486990,0.316833,0.000051,0.486990,-0.027260,0.000242,-0.097072,0.121099,-0.000276,0.837579,-5.147954,0.029732,-26.458740,0.048926,1.221873,-0.575320,7.149503,0.735316,-1.924297,0.001186
0.198000,0.334213,-0.000192,0.584907,0.306836,0.000051,0.486990,0.316833,0.000051,0.486990,-0.027377,0.000243,-0.097917,0.118981,-0.000003,0.836533,-5.117277,0.024358,-26.522325,0.045004,1.238734,-0.578681,7.115462,0.733768,-1.928343,0.001224
0.199000,0.334329,-0.000203,0.585753,0.306836,0.000051,0.486990,0.316833,0.000051,0.486990,-0.027493,0.000254,-0.098763,0.117121,-0.003696,0.836110,-5.091687,0.099294,-26.598536,0.065598,1.253938,-0.554497,7.078196,0.749043,-1.935019,0.001293
0.200000,0.334443,-0.000218,0.586562,0.306836,0.000051,0.486990,0.316833,0.000051,0.486990,-0.027607,0.000268,-0.099572,0.115743,-0.009142,0.827723,-5.075553,0.209690,-26.511624,0.094644,1.263423,-0.518644,7.110570,0.771514,-1.919650,0.001371
0.201000,0.334550,-0.000228,0.587402,0.306836,0.000051,0.486990,0.316833,0.000051,0.486990,-0.027714,0.000279,-0.100412,0.113373,-0.010073,0.827677,-5.038826,0.229323,-26.594773,0.100321,1.293971,-0.510661,7.055168,0.775114,-1.926388,0.001365
0.202000,0.334653,-0.000228,0.588222,0.306836,0.000051,0.486990,0.316833,0.000051,0.486990,-0.027817,0.000279,-0.101232,0.108517,-0.007000,0.823487,-4.952026,0.167869,-26.592937,0.080558,1.329154,-0.532096,7.035483,0.761561,-1.911957,0.001255
0.203000,0.334758,-0.000223,0.589058,0.306837,0.000051,0.486990,0.316833,0.000051,0.486990,-0.027922,0.000273,-0.102068,0.105892,-0.003100,0.827262,-4.910027,0.089314,-26.752049,0.055824,1.367334,-0.559284,6.940219,0.744317,-1.929283,0.001201
0.204000,0.334862,-0.000216,0.589903,0.306837,0.000051,0.486990,0.316833,0.000051,0.486990,-0.028026,0.000267,-0.102913,0.103530,-0.000292,0.828541,-4.873178,0.032524,-26.862117,0.042087,1.397650,-0.573970,6.873023,0.732442,-1.940009,0.001163
0.205000,0.334965,-0.000216,0.590724,0.306837,0.000051,0.486990,0.316833,0.000051,0.486990,-0.028129,0.000267,-0.103734,0.101085,-0.000577,0.827219,-4.834584,0.038233,-26.917780,0.049483,1.421436,-0.565044,6.834161,0.733953,-1.942071,0.001117
0.206000,0.335072,-0.000217,0.591571,0.306837,0.000051,0.486990,0.316833,0.000051,0.486990,-0.028235,0.000268,-0.104581,0.102920,-0.001913,0.833046,-4.881932,0.065061,-27.119024,0.057287,1.450353,-0.555641,6.717464,0.738664,-1.981771,0.001121
0.207000,0.335175,-0.000217,0.592420,0.306837,0.000051,0.486990,0.316833,0.000051,0.486990,-0.028338,0.000268,-0.105430,0.102345,-0.002842,0.845157,-4.880709,0.083597,-27.446165,0.067469,1.496356,-0.544240,6.539217,0.741999,-2.032061,0.001085
0.208000,0.335275,-0.000218,0.593278,0.306837,0.000051,0.486990,0.316833,0.000051,0.486990,-0.028438,0.000269,-0.106288,0.101440,-0.003171,0.849150,-4.872640,0.090280,-27.611834,0.069097,1.522540,-0.541584,6.449554,0.742816,-2.056095,0.001108
0.209000,0.335382,-0.000231,0.594127,0.306837,0.000051,0.486990,0.316833,0.000051,0.486990,-0.028545,0.000282,-0.107137,0.102757,-0.006564,0.840202,-4.909653,0.159493,-27.517761,0.084506,1.524070,-0.521804,6.485411,0.756550,-2.048945,0.001174
0.210000,0.335487,-0.000248,0.594942,0.306837,0.000051,0.486990,0.316833,0.000051,0.486990,-0.028650,0.000299,-0.107952,0.103949,-0.009359,0.832017,-4.943989,0.217073,-27.435509,0.098637,1.527704,-0.503195,6.512212,0.768105,-2.043256,0.001224
0.211000,0.335589,-0.000260,0.595787,0.306837,0.000051,0.486990,0.316833,0.000051,0.486990,-0.028752,0.000311,-0.108797,0.103912,-0.011652,0.836424,-4.953400,0.264125,-27.608166,0.109546,1.556906,-0.489087,6.413361,0.776877,-2.071860,0.001266
